year,cruise_line,ship,voyage_dates_raw,voyage_end,causative_agent,pax_ill,pax_total,pax_pct_page,crew_ill,crew_total,crew_pct_page,era,counts_published,source_url,retrieved
2026,Lindblad Expeditions,National Geographic Sea Bird,7/15/2026 – 7/20/2026,2026-07-20,unknown,8,57,14.0,5,26,19.0,post,full,https://www.cdc.gov/vessel-sanitation/cruise-ship-outbreaks/national-geographic-sea-bird-july-2026-2.html,2026-08-30
2026,Lindblad Expeditions,National Geographic Sea Bird,7/10/2026 – 7/15/2026,2026-07-15,unknown,18,62,29.0,1,26,3.9,post,full,https://www.cdc.gov/vessel-sanitation/cruise-ship-outbreaks/national-geographic-sea-bird-july-2026.html,2026-08-30
2026,Princess Cruises,Ruby Princess,6/12/2026 – 7/2/2026,2026-07-02,norovirus,107,3032,3.5,25,1144,2.2,post,full,https://www.cdc.gov/vessel-sanitation/cruise-ship-outbreaks/ruby-princess-june-2026.html,2026-08-30
2026,Lindblad Expeditions,National Geographic Sea Bird,6/25/2026 – 6/30/2026,2026-06-30,norovirus,19,68,28,2,27,7.4,post,full,https://www.cdc.gov/vessel-sanitation/cruise-ship-outbreaks/national-geographic-sea-bird-june-2026.html,2026-08-30
2026,Lindblad Expeditions,National Geographic Sea Bird,5/26/2026 – 5/31/2026,2026-05-31,norovirus,9,66,13.6,3,24,12.5,post,full,https://www.cdc.gov/vessel-sanitation/cruise-ship-outbreaks/national-geographic-sea-bird-may-2026.html,2026-08-30
2026,Princess Cruises,Caribbean Princess,4/28/2026 – 5/11/2026,2026-05-11,norovirus,145,3116,4.7,15,1131,1.3,post,full,https://www.cdc.gov/vessel-sanitation/cruise-ship-outbreaks/caribbean-princess-may-2026.html,2026-08-30
2026,Oceania Cruises,Insignia,4/7/2026 – 4/14/2026,2026-04-14,e. coli,,,,,,,post,unparsed,https://www.cdc.gov/vessel-sanitation/cruise-ship-outbreaks/index.html,2026-08-30
2026,Princess Cruises,Star Princess,3/7/2026 – 3/14/2026,2026-03-14,norovirus,141,4307,3.3,52,1561,3.3,post,full,https://www.cdc.gov/vessel-sanitation/cruise-ship-outbreaks/star-princess-march-2026.html,2026-08-30
2026,Regent Seven Seas,Seven Seas Mariner,1/11/2026 – 2/1/2026,2026-02-01,e. coli,21,631,3.3,6,458,1.3,post,full,https://www.cdc.gov/vessel-sanitation/cruise-ship-outbreaks/seven-seas-mariner-january-2026.html,2026-08-30
2025,Holland America Line,Rotterdam,12/28/2025 – 1/9/2026,2026-01-09,norovirus,85,2593,3.3,9,1005,0.9,post,full,https://www.cdc.gov/vessel-sanitation/cruise-ship-outbreaks/rotterdam-december-2025.html,2026-08-30
2025,Celebrity Cruises,Celebrity Eclipse,12/20/2025 – 12/28/2025,2025-12-28,norovirus,95,3042,3.1,9,1235,0.7,post,full,https://www.cdc.gov/vessel-sanitation/cruise-ship-outbreaks/celebrity-eclipse-december-2025.html,2026-08-30
2025,Aida Cruises,AIDAdiva,11/10/2025 – 12/16/2025,2025-12-16,norovirus,106,2007,5.3,8,640,1.3,post,full,https://www.cdc.gov/vessel-sanitation/cruise-ship-outbreaks/aidadiva-november-2025.html,2026-08-30
2025,Oceania Cruises,Oceania Insignia,10/16/2025 – 10/27/2025,2025-10-27,norovirus,88,637,13.8,8,391,2.1,post,full,https://www.cdc.gov/vessel-sanitation/cruise-ship-outbreaks/oceania-insignia-october-2025.html,2026-08-30
2025,Royal Caribbean International,Serenade of the Seas,9/19/2025 – 10/2/2025,2025-10-02,norovirus,128,1874,6.8,7,883,0.8,post,full,https://www.cdc.gov/vessel-sanitation/cruise-ship-outbreaks/serenade-of-the-seas-september-2025.html,2026-08-30
2025,Royal Caribbean International,Navigator of the Seas,7/4/2025 – 7/11/2025,2025-07-11,norovirus,134,3914,3.4,7,1266,0.6,post,full,https://www.cdc.gov/vessel-sanitation/cruise-ship-outbreaks/navigator-of-the-seas-july-2025.html,2026-08-30
2025,Regent Seven Seas,Seven Seas Explorer,4/26/2025 – 5/14/2025,2025-05-14,unknown,22,666,3.0,2,545,0.4,post,full,https://www.cdc.gov/vessel-sanitation/cruise-ship-outbreaks/seven-seas-explorer-may-2025.html,2026-08-30
2025,Holland America Line,Zuiderdam,1/4/2025-5/9/2025,2025-05-09,unknown,56,1149,4.9,14,751,1.9,post,full,https://www.cdc.gov/vessel-sanitation/cruise-ship-outbreaks/zuiderdam-january-2025.html,2026-08-30
2025,Holland America Line,Eurodam,4/12/2025-5/3/2025,2025-05-03,norovirus,148,2038,7.3,22,830,2.7,post,full,https://www.cdc.gov/vessel-sanitation/cruise-ship-outbreaks/eurodam-april-2025.html,2026-08-30
2025,Lindblad Expeditions,National Geographic Sea Lion,4/15/2025-4/29/2025,2025-04-29,unknown,5,43,11.6,2,37,5.4,post,full,https://www.cdc.gov/vessel-sanitation/cruise-ship-outbreaks/national-geographic-sea-lion-april-2025.html,2026-08-30
2025,Viking Expedition Operations,Viking Polaris,4/11/2025-4/23/2025,2025-04-23,norovirus,37,355,10.4,6,260,2.3,post,full,https://www.cdc.gov/vessel-sanitation/cruise-ship-outbreaks/viking-polaris-april-2025.html,2026-08-30
2025,Seabourn Cruise Line,Seabourn Encore,3/16/2025-4/9/2025,2025-04-09,norovirus,13,461,2.8,22,405,5.4,post,full,https://www.cdc.gov/vessel-sanitation/cruise-ship-outbreaks/seabourn-encore-march-2025.html,2026-08-30
2025,Cunard Line,Queen Mary 2,3/8/2025-4/6/2025,2025-04-06,norovirus,266,2538,10.5,19,1232,1.5,post,full,https://www.cdc.gov/vessel-sanitation/cruise-ship-outbreaks/queen-mary-2-march-2025.html,2026-08-30
2025,Holland America Line,Rotterdam,3/7/2025-3/16/2025,2025-03-16,norovirus,,,,,,,post,unparsed,https://www.cdc.gov/vessel-sanitation/cruise-ship-outbreaks/earlier-outbreaks.html,2026-08-30
2025,Princess Cruises,Coral Princess,2/21/2025-3/9/2025,2025-03-09,norovirus,69,1906,3.62,,,,post,passenger_only,https://www.cdc.gov/vessel-sanitation/cruise-ship-outbreaks/coral-princess-february-2025.html,2026-08-30
2025,Holland America Line,Eurodam,2/19/2025-3/1/2025,2025-03-01,norovirus,162,2057,7.9,17,834,2.0,post,full,https://www.cdc.gov/vessel-sanitation/cruise-ship-outbreaks/eurodam-february-2025.html,2026-08-30
2025,Holland America Line,Rotterdam,2/2/2025-2/14/2025,2025-02-14,norovirus,166,2614,6.4,19,969,2.0,post,full,https://www.cdc.gov/vessel-sanitation/cruise-ship-outbreaks/rotterdam-february-2025.html,2026-08-30
2025,Royal Caribbean International,Radiance of the Seas,2/1/2025-2/8/2025,2025-02-08,norovirus,160,2164,7.4,8,910,0.9,post,full,https://www.cdc.gov/vessel-sanitation/cruise-ship-outbreaks/radiance-of-the-seas-february-2025.html,2026-08-30
2025,Princess Cruises,Coral Princess,1/20/2025-2/5/2025,2025-02-05,norovirus,128,1894,6.8,20,885,2.3,post,full,https://www.cdc.gov/vessel-sanitation/cruise-ship-outbreaks/coral-princess-january-2025.html,2026-08-30
2025,Holland America Line,Volendam,1/4/2025-1/25/2025,2025-01-25,norovirus,93,1369,6.8,11,569,1.93,post,full,https://www.cdc.gov/vessel-sanitation/cruise-ship-outbreaks/volendam-january-2025.html,2026-08-30
2025,Viking Ocean Cruises II Ltd.,Viking Mars,1/10/2025-1/24/2025,2025-01-24,norovirus,62,887,7.2,9,465,1.94,post,full,https://www.cdc.gov/vessel-sanitation/cruise-ship-outbreaks/viking-mars-january-2025.html,2026-08-30
2025,Silversea Cruises,Silver Ray,1/4/2025-1/20/2025,2025-01-20,e. coli,51,681,7.5,5,532,0.9,post,full,https://www.cdc.gov/vessel-sanitation/cruise-ship-outbreaks/silver-ray-january-2025.html,2026-08-30
2025,Sea Cloud Cruises,Sea Cloud Spirit,1/4/2025-1/10/2025,2025-01-10,ciguatera (presumed),0,120,0,28,93,30.1,post,full,https://www.cdc.gov/vessel-sanitation/cruise-ship-outbreaks/sea-cloud-spirit-january-2025.html,2026-08-30
2024,Holland America Line,Eurodam,12/30/2024-1/8/2025,2025-01-08,norovirus,109,2139,5.1,13,832,1.6,post,full,https://www.cdc.gov/vessel-sanitation/cruise-ship-outbreaks/earlier-outbreaks.html,2026-08-30
2024,Oceania Cruises,Oceania Nautica,12/23/2024-1/8/2025,2025-01-08,norovirus,18,639,2.8,20,398,5.0,post,full,https://www.cdc.gov/vessel-sanitation/cruise-ship-outbreaks/earlier-outbreaks.html,2026-08-30
2024,Cunard Line,Queen Mary 2,12/21/2024-1/3/2025,2025-01-03,norovirus,346,2565,13.5,71,1233,5.8,post,full,https://www.cdc.gov/vessel-sanitation/cruise-ship-outbreaks/earlier-outbreaks.html,2026-08-30
2024,Cunard Line,Queen Mary 2,"12/14-12/21, 2024",2024-12-21,norovirus,138,2430,5.7,12,1237,1.0,post,full,https://www.cdc.gov/vessel-sanitation/cruise-ship-outbreaks/earlier-outbreaks.html,2026-08-30
2024,Holland America Line,Rotterdam,"12/8-12/20, 2024",2024-12-20,norovirus,127,2192,5.8,16,953,1.7,post,full,https://www.cdc.gov/vessel-sanitation/cruise-ship-outbreaks/earlier-outbreaks.html,2026-08-30
2024,Princess Cruises,Ruby Princess,"12/2-12/18, 2024",2024-12-18,norovirus,103,3001,3.43,12,1142,1.05,post,full,https://www.cdc.gov/vessel-sanitation/cruise-ship-outbreaks/earlier-outbreaks.html,2026-08-30
2024,Holland America Line,Zuiderdam,"12/4-12/14, 2024",2024-12-14,norovirus,87,1923,4.52,4,757,0.5,post,full,https://www.cdc.gov/vessel-sanitation/cruise-ship-outbreaks/earlier-outbreaks.html,2026-08-30
2024,Princess Cruises,Coral Princess,"10/17-11/17, 2024",2024-11-17,norovirus,69,1822,3.79,22,907,2.43,post,full,https://www.cdc.gov/vessel-sanitation/cruise-ship-outbreaks/earlier-outbreaks.html,2026-08-30
2024,P&O Cruises,Arcadia,"9/3-10/3, 2024",2024-10-03,norovirus,128,1959,5.57,19,799,2.41,post,full,https://www.cdc.gov/vessel-sanitation/cruise-ship-outbreaks/earlier-outbreaks.html,2026-08-30
2024,Royal Caribbean International,Radiance of the Seas,"9/20-9/27, 2024",2024-09-27,salmonella,180,2172,8.29,3,894,0.34,post,full,https://www.cdc.gov/vessel-sanitation/cruise-ship-outbreaks/earlier-outbreaks.html,2026-08-30
2024,Celebrity Cruises,Celebrity Summit,"5/24-5/31, 2024",2024-05-31,norovirus,72,2264,3.18,6,943,0.64,post,full,https://www.cdc.gov/vessel-sanitation/cruise-ship-outbreaks/earlier-outbreaks.html,2026-08-30
2024,Royal Caribbean Cruise Line,Allure of the Seas,"5/20-5/24, 2024",2024-05-24,unknown,121,6364,1.90,3,2143,0.14,post,full,https://www.cdc.gov/vessel-sanitation/cruise-ship-outbreaks/earlier-outbreaks.html,2026-08-30
2024,Princess Cruises,Sapphire Princess,"4/5-5/7, 2024",2024-05-07,norovirus,123,2532,4.86,30,1066,2.81,post,full,https://www.cdc.gov/vessel-sanitation/cruise-ship-outbreaks/earlier-outbreaks.html,2026-08-30
2024,Royal Caribbean International,Radiance of the Seas,"4/8-4/22, 2024",2024-04-22,norovirus,67,1993,3.36,2,924,0.22,post,full,https://www.cdc.gov/vessel-sanitation/cruise-ship-outbreaks/earlier-outbreaks.html,2026-08-30
2024,Silversea Cruises,Silver Nova,"3/31-4/16, 2024",2024-04-16,e. coli,28,633,4.42,1,538,0.19,post,full,https://www.cdc.gov/vessel-sanitation/cruise-ship-outbreaks/earlier-outbreaks.html,2026-08-30
2024,Holland America Line,Koningsdam,"2/17-3/24, 2024",2024-03-24,norovirus,104,2522,4.12,17,961,1.77,post,full,https://www.cdc.gov/vessel-sanitation/cruise-ship-outbreaks/earlier-outbreaks.html,2026-08-30
2024,Cunard Line,Queen Victoria,"1/22-2/6, 2024",2024-02-06,norovirus,129,1824,7.07,25,967,2.59,post,full,https://www.cdc.gov/vessel-sanitation/cruise-ship-outbreaks/earlier-outbreaks.html,2026-08-30
2024,Celebrity Cruises,Celebrity Constellation,"1/3–1/12, 2024",2024-01-12,norovirus,92,2056,4.47,8,948,0.84,post,full,https://www.cdc.gov/vessel-sanitation/cruise-ship-outbreaks/earlier-outbreaks.html,2026-08-30
2023,Virgin Voyages,Scarlet Lady,"10/8-10/13, 2023",2023-10-13,salmonella and e. coli,71,2198,3.23,7,1163,0.60,post,full,https://www.cdc.gov/vessel-sanitation/cruise-ship-outbreaks/earlier-outbreaks.html,2026-08-30
2023,Viking Cruises,Viking Neptune,"6/6-6/20, 2023",2023-06-20,norovirus,110,838,13.1,9,455,1.98,post,full,https://www.cdc.gov/vessel-sanitation/cruise-ship-outbreaks/earlier-outbreaks.html,2026-08-30
2023,Celebrity Cruises,Celebrity Summit,"5/15-5/25, 2023",2023-05-25,norovirus,152,2144,7.09,25,963,2.60,post,full,https://www.cdc.gov/vessel-sanitation/cruise-ship-outbreaks/earlier-outbreaks.html,2026-08-30
2023,Holland America,Nieuw Amsterdam,"5/6-5/21, 2023",2023-05-21,norovirus,246,1971,12.4,38,826,4.60,post,full,https://www.cdc.gov/vessel-sanitation/cruise-ship-outbreaks/earlier-outbreaks.html,2026-08-30
2023,Princess Cruises,Grand Princess,"3/31-4/28, 2023",2023-04-28,norovirus,99,1727,5.73,32,1089,2.94,post,full,https://www.cdc.gov/vessel-sanitation/cruise-ship-outbreaks/earlier-outbreaks.html,2026-08-30
2023,P&O Cruises,Arcadia,"1/3-4/13, 2023",2023-04-13,norovirus,88,1752,5.02,20,815,2.45,post,full,https://www.cdc.gov/vessel-sanitation/cruise-ship-outbreaks/earlier-outbreaks.html,2026-08-30
2023,Princess Cruises,Emerald Princess,"3/17-4/1, 2023",2023-04-01,norovirus,99,2123,4.66,21,1192,1.76,post,full,https://www.cdc.gov/vessel-sanitation/cruise-ship-outbreaks/earlier-outbreaks.html,2026-08-30
2023,Royal Caribbean International,Enchantment of the Seas,"3/23-3/31, 2023",2023-03-31,norovirus,117,2362,5.0,20,917,2.18,post,full,https://www.cdc.gov/vessel-sanitation/cruise-ship-outbreaks/earlier-outbreaks.html,2026-08-30
2023,Royal Caribbean International,Enchantment of the Seas,"3/11-3/23, 2023",2023-03-23,norovirus,155,2148,7.22,10,880,1.14,post,full,https://www.cdc.gov/vessel-sanitation/cruise-ship-outbreaks/earlier-outbreaks.html,2026-08-30
2023,Celebrity Cruises,Celebrity Equinox,"3/9-3/18, 2023",2023-03-18,norovirus,122,2579,4.7,14,1222,1.1,post,full,https://www.cdc.gov/vessel-sanitation/cruise-ship-outbreaks/earlier-outbreaks.html,2026-08-30
2023,Celebrity Cruises,Celebrity Constellation,"3/6-3/17, 2023",2023-03-17,norovirus,87,2062,4.2,10,960,1.04,post,full,https://www.cdc.gov/vessel-sanitation/cruise-ship-outbreaks/earlier-outbreaks.html,2026-08-30
2023,Princess Cruises,Ruby Princess,"2/26-3/5, 2023",2023-03-05,norovirus,284,2881,9.9,34,1159,2.9,post,full,https://www.cdc.gov/vessel-sanitation/cruise-ship-outbreaks/earlier-outbreaks.html,2026-08-30
2023,Royal Caribbean International,Jewel of the Seas,"1/28-2/3, 2023",2023-02-03,norovirus,68,2185,3.11,1,865,0.12,post,full,https://www.cdc.gov/vessel-sanitation/cruise-ship-outbreaks/earlier-outbreaks.html,2026-08-30
2023,Royal Caribbean International,Brilliance of the Seas,"1/16-1/21, 2023",2023-01-21,norovirus,70,2160,3.24,8,838,0.95,post,full,https://www.cdc.gov/vessel-sanitation/cruise-ship-outbreaks/earlier-outbreaks.html,2026-08-30
2022,Silversea Cruises,Silver Moon,12/21/2022-1/6/2023,2023-01-06,unknown,15,521,2.8,13,413,3.15,post,full,https://archive.cdc.gov/www_cdc_gov/vessel-sanitation/cruise-ship-outbreaks/earlier-outbreaks-2019-2022.html,2026-08-30
2022,P&O Cruises,Arcadia,12/29/2022-1/3/2023,2023-01-03,norovirus,84,1986,4.23,10,818,1.22,post,full,https://archive.cdc.gov/www_cdc_gov/vessel-sanitation/cruise-ship-outbreaks/earlier-outbreaks-2019-2022.html,2026-08-30
2022,Carnival Cruise Line,Carnival Splendor,5/24/2022-5/31/2022,2022-05-31,norovirus,77,2109,3.65,16,1079,1.48,post,full,https://archive.cdc.gov/www_cdc_gov/vessel-sanitation/cruise-ship-outbreaks/earlier-outbreaks-2019-2022.html,2026-08-30
2022,Seabourn Cruise Lines,Seabourn Odyssey,4/28/2022-5/19/2022,2022-05-19,unknown,15,380,3.95,5,347,1.44,post,full,https://archive.cdc.gov/www_cdc_gov/vessel-sanitation/cruise-ship-outbreaks/earlier-outbreaks-2019-2022.html,2026-08-30
2021,Viking Cruises,Viking Sea,11/29/2021-12/13/2021,2021-12-13,vibrio and e. coli,116,640,18.13,4,404,1.0,shutdown,full,https://archive.cdc.gov/www_cdc_gov/vessel-sanitation/cruise-ship-outbreaks/earlier-outbreaks-2019-2022.html,2026-08-30
2020,Royal Caribbean International,Grandeur of the Seas,3/7/2020-3/19/2020,2020-03-19,norovirus,98,1764,5.56,7,798,0.88,shutdown,full,https://archive.cdc.gov/www_cdc_gov/vessel-sanitation/cruise-ship-outbreaks/earlier-outbreaks-2019-2022.html,2026-08-30
2020,Holland America Line,Westerdam,3/1/2020-3/16/2020,2020-03-16,unknown,2,18,11.11,25,680,3.68,shutdown,full,https://archive.cdc.gov/www_cdc_gov/vessel-sanitation/cruise-ship-outbreaks/earlier-outbreaks-2019-2022.html,2026-08-30
2020,Princess Cruises,Caribbean Princess,2/16/2020-3/1/2020,2020-03-01,norovirus,240,3039,7.9,19,1162,1.6,shutdown,full,https://archive.cdc.gov/www_cdc_gov/vessel-sanitation/cruise-ship-outbreaks/earlier-outbreaks-2019-2022.html,2026-08-30
2020,Princess Cruises,Caribbean Princess,2/2/2020-2/16/2020,2020-02-16,norovirus,371,3035,12.2,32,1161,2.8,shutdown,full,https://archive.cdc.gov/www_cdc_gov/vessel-sanitation/cruise-ship-outbreaks/earlier-outbreaks-2019-2022.html,2026-08-30
2019,Norwegian Cruise Line,Norwegian Joy,11/8/2019-11/24/2019,2019-11-24,unknown,127,3602,3.53,6,1769,0.34,pre,full,https://archive.cdc.gov/www_cdc_gov/vessel-sanitation/cruise-ship-outbreaks/earlier-outbreaks-2019-2022.html,2026-08-30
2019,Aida Cruises,AIDAdiva,9/5/2019-11/23/2019,2019-11-23,norovirus,117,2055,5.7,8,610,1.3,pre,full,https://archive.cdc.gov/www_cdc_gov/vessel-sanitation/cruise-ship-outbreaks/earlier-outbreaks-2019-2022.html,2026-08-30
2019,Aida Cruises,AIDAdiva,10/3/2019-11/13/2019,2019-11-13,norovirus,83,2251,3.7,10,610,1.6,pre,full,https://archive.cdc.gov/www_cdc_gov/vessel-sanitation/cruise-ship-outbreaks/earlier-outbreaks-2019-2022.html,2026-08-30
2019,Aida Cruises,AIDAluna,9/28/2019-10/12/2019,2019-10-12,norovirus,85,2166,3.9,10,612,1.6,pre,full,https://archive.cdc.gov/www_cdc_gov/vessel-sanitation/cruise-ship-outbreaks/earlier-outbreaks-2019-2022.html,2026-08-30
2019,Carnival Cruise Line,Conquest,9/7/2019-9/14/2019,2019-09-14,norovirus,17,3241,0.52,35,1158,3.02,pre,full,https://archive.cdc.gov/www_cdc_gov/vessel-sanitation/cruise-ship-outbreaks/earlier-outbreaks-2019-2022.html,2026-08-30
2019,Oceania Cruises,Oceania Marina,3/18/2019-4/5/2019,2019-04-05,unknown,36,1066,3.38,4,763,0.52,pre,full,https://archive.cdc.gov/www_cdc_gov/vessel-sanitation/cruise-ship-outbreaks/earlier-outbreaks-2019-2022.html,2026-08-30
2019,Princess Cruises,Island Princess,2/8/2019-2/18/2019,2019-02-18,norovirus,101,2193,4.61,9,905,0.99,pre,full,https://archive.cdc.gov/www_cdc_gov/vessel-sanitation/cruise-ship-outbreaks/earlier-outbreaks-2019-2022.html,2026-08-30
2019,Viking Ocean Cruises,Viking Star,2/7/2019-2/14/2019,2019-02-14,norovirus,36,904,3.98,1,461,0.22,pre,full,https://archive.cdc.gov/www_cdc_gov/vessel-sanitation/cruise-ship-outbreaks/earlier-outbreaks-2019-2022.html,2026-08-30
2019,Viking Ocean Cruises,Viking Sea,1/18/2019-1/28/2019,2019-01-28,norovirus,38,925,4.1,0,455,0,pre,full,https://archive.cdc.gov/www_cdc_gov/vessel-sanitation/cruise-ship-outbreaks/earlier-outbreaks-2019-2022.html,2026-08-30
2019,Royal Caribbean International,Oasis of the Seas,1/6/2019-1/13/2019,2019-01-13,norovirus,561,6285,8.91,31,2169,1.45,pre,full,https://archive.cdc.gov/www_cdc_gov/vessel-sanitation/cruise-ship-outbreaks/earlier-outbreaks-2019-2022.html,2026-08-30
2018,Viking Ocean Cruises,Viking Star,12/13/2018-1/3/2019,2019-01-03,rotavirus,28,917,3.05,5,449,1.11,pre,full,https://archive.cdc.gov/www_cdc_gov/nceh/vsp/surv/outbreak/archived-outbreaks-1993-2018.html,2026-08-30
2018,Crystal Cruises,Crystal Symphony,11/8/2018-12/2/2018,2018-12-02,norovirus,30,700,4.3,17,585,2.9,pre,full,https://archive.cdc.gov/www_cdc_gov/nceh/vsp/surv/outbreak/archived-outbreaks-1993-2018.html,2026-08-30
2018,Holland America Line,Volendam,11/3/2018-11/18/2018,2018-11-18,norovirus,68,1285,5.29,9,599,1.50,pre,full,https://archive.cdc.gov/www_cdc_gov/nceh/vsp/surv/outbreak/archived-outbreaks-1993-2018.html,2026-08-30
2018,V. Ships Leisure U.S.A.,Pearl Mist,9/1/2018-9/12/2018,2018-09-12,unknown,6,196,3.06,0,69,0.0,pre,full,https://archive.cdc.gov/www_cdc_gov/nceh/vsp/surv/outbreak/archived-outbreaks-1993-2018.html,2026-08-30
2018,Holland America Line,Zaandam,6/18/2018-7/2/2018,2018-07-02,unknown,95,1472,6.45,18,591,3.05,pre,full,https://archive.cdc.gov/www_cdc_gov/nceh/vsp/surv/outbreak/archived-outbreaks-1993-2018.html,2026-08-30
2018,Regent Seven Seas Cruises,Seven Seas Mariner,6/20/2018-6/30/2018,2018-06-30,unknown,38,652,5.83,0,457,0.0,pre,full,https://archive.cdc.gov/www_cdc_gov/nceh/vsp/surv/outbreak/archived-outbreaks-1993-2018.html,2026-08-30
2018,Silversea Cruises,Silver Shadow,5/10/2018-5/24/2018,2018-05-24,norovirus,28,327,8.56,8,290,2.76,pre,full,https://archive.cdc.gov/www_cdc_gov/nceh/vsp/surv/outbreak/archived-outbreaks-1993-2018.html,2026-08-30
2018,Celebrity Cruises,Celebrity Infinity,4/17/2018-5/2/2018,2018-05-02,norovirus,111,2140,5.19,7,970,0.72,pre,full,https://archive.cdc.gov/www_cdc_gov/nceh/vsp/surv/outbreak/archived-outbreaks-1993-2018.html,2026-08-30
2018,Cunard Line,Queen Victoria,2/21/2018-3/9/2018,2018-03-09,enterotoxigenic e. coli (etec),80,1899,4.2,10,967,1.03,pre,full,https://archive.cdc.gov/www_cdc_gov/nceh/vsp/surv/outbreak/archived-outbreaks-1993-2018.html,2026-08-30
2018,Azamara Club Cruises,Azamara Quest,1/25/2018-2/8/2018,2018-02-08,unknown,20,663,3.01,2,458,0.44,pre,full,https://archive.cdc.gov/www_cdc_gov/nceh/vsp/surv/outbreak/archived-outbreaks-1993-2018.html,2026-08-30
2018,Princess Cruises,Island Princess,1/9/2018-1/24/2018,2018-01-24,norovirus and campylobacter,71,2181,3.26,7,898,0.78,pre,full,https://archive.cdc.gov/www_cdc_gov/nceh/vsp/surv/outbreak/archived-outbreaks-1993-2018.html,2026-08-30
2017,Royal Caribbean,Independence of the Seas,12/11/2017-12/16/2017,2017-12-16,norovirus,310,4160,7.45,22,1398,1.57,pre,full,https://archive.cdc.gov/www_cdc_gov/nceh/vsp/surv/outbreak/archived-outbreaks-1993-2018.html,2026-08-30
2017,Celebrity Cruises,Celebrity Reflection,11/17/2017-11/27/2017,2017-11-27,norovirus,173,3034,5.7,3,1240,0.24,pre,full,https://archive.cdc.gov/www_cdc_gov/nceh/vsp/surv/outbreak/archived-outbreaks-1993-2018.html,2026-08-30
2017,Princess Cruises,Crown Princess,10/25/2017-11/8/2017,2017-11-08,c. perfringens enterotoxin,184,2957,6.22,12,1173,1.02,pre,full,https://archive.cdc.gov/www_cdc_gov/nceh/vsp/surv/outbreak/archived-outbreaks-1993-2018.html,2026-08-30
2017,Lindblad Expeditions,National Geographic Sea Bird,9/26/2017-10/2/2017,2017-10-02,unknown,13,57,22.81,1,30,3.33,pre,full,https://archive.cdc.gov/www_cdc_gov/nceh/vsp/surv/outbreak/archived-outbreaks-1993-2018.html,2026-08-30
2017,Holland America Line,Noordam,7/30/2017-8/6/2017,2017-08-06,norovirus,82,2143,3.832,5,790,0.63,pre,full,https://archive.cdc.gov/www_cdc_gov/nceh/vsp/surv/outbreak/archived-outbreaks-1993-2018.html,2026-08-30
2017,Holland America Line,Noordam,7/23/2017-7/30/2017,2017-07-30,norovirus,167,2086,8.02,6,802,0.75,pre,full,https://archive.cdc.gov/www_cdc_gov/nceh/vsp/surv/outbreak/archived-outbreaks-1993-2018.html,2026-08-30
2017,Holland America Line,Nieuw Amsterdam,7/22/2017-7/29/2017,2017-07-29,norovirus,73,2210,3.30,4,869,0.46,pre,full,https://archive.cdc.gov/www_cdc_gov/nceh/vsp/surv/outbreak/archived-outbreaks-1993-2018.html,2026-08-30
2017,Holland America Line,Volendam,7/19/2017-7/26/2017,2017-07-26,norovirus,46,1473,3.12,10,620,1.61,pre,full,https://archive.cdc.gov/www_cdc_gov/nceh/vsp/surv/outbreak/archived-outbreaks-1993-2018.html,2026-08-30
2017,Holland America Line,Volendam,7/12/2017-7/19/2017,2017-07-19,norovirus,68,1480,4.59,1,610,0.16,pre,full,https://archive.cdc.gov/www_cdc_gov/nceh/vsp/surv/outbreak/archived-outbreaks-1993-2018.html,2026-08-30
2017,Oceania Cruises,Regatta,3/29/2017-4/14/2017,2017-04-14,norovirus,23,639,3.60,1,397,0.25,pre,full,https://archive.cdc.gov/www_cdc_gov/nceh/vsp/surv/outbreak/archived-outbreaks-1993-2018.html,2026-08-30
2017,Princess Cruises,Coral Princess,3/8/2017-3/18/2017,2017-03-18,norovirus,157,2016,7.79,25,881,2.84,pre,full,https://archive.cdc.gov/www_cdc_gov/nceh/vsp/surv/outbreak/archived-outbreaks-1993-2018.html,2026-08-30
2016,Holland America Line,Oosterdam,11/3/2016-11/18/2016,2016-11-18,norovirus,90,1843,4.88,22,796,2.76,pre,full,https://archive.cdc.gov/www_cdc_gov/nceh/vsp/surv/outbreak/archived-outbreaks-1993-2018.html,2026-08-30
2016,P&O Cruises,Adonia,10/16/2016-10/23/2016,2016-10-23,unknown,23,668,3.44,2,388,0.52,pre,full,https://archive.cdc.gov/www_cdc_gov/nceh/vsp/surv/outbreak/archived-outbreaks-1993-2018.html,2026-08-30
2016,Fred Olsen Cruises,Balmoral,4/16/2016-5/20/2016,2016-05-20,norovirus,277,915,30.27,9,520,1.73,pre,full,https://archive.cdc.gov/www_cdc_gov/nceh/vsp/surv/outbreak/archived-outbreaks-1993-2018.html,2026-08-30
2016,Disney Cruise Line,Disney Wonder,4/27/2016-5/1/2016,2016-05-01,norovirus,131,2680,4.89,14,991,1.41,pre,full,https://archive.cdc.gov/www_cdc_gov/nceh/vsp/surv/outbreak/archived-outbreaks-1993-2018.html,2026-08-30
2016,Oceania Cruises,Oceania Riviera,3/20/2016-4/2/2016,2016-04-02,norovirus,98,1204,8.13,6,776,0.77,pre,full,https://archive.cdc.gov/www_cdc_gov/nceh/vsp/surv/outbreak/archived-outbreaks-1993-2018.html,2026-08-30
2016,Norwegian Cruise Line,Norwegian Gem,3/12/2016-3/22/2016,2016-03-22,norovirus,128,2882,4.44,7,1100,0.64,pre,full,https://archive.cdc.gov/www_cdc_gov/nceh/vsp/surv/outbreak/archived-outbreaks-1993-2018.html,2026-08-30
2016,Silversea Cruises,Silver Spirit,3/3/2016-3/21/2016,2016-03-21,enterotoxigenic e. coli (etec),24,388,6.19,13,366,3.55,pre,full,https://archive.cdc.gov/www_cdc_gov/nceh/vsp/surv/outbreak/archived-outbreaks-1993-2018.html,2026-08-30
2016,Princess Cruises,Ocean Princess,2/13/2016-3/7/2016,2016-03-07,norovirus and enterotoxigenic e. coli (etec),63,603,10.45,7,385,1.82,pre,full,https://archive.cdc.gov/www_cdc_gov/nceh/vsp/surv/outbreak/archived-outbreaks-1993-2018.html,2026-08-30
2016,Carnival Cruise Line,Carnival Sunshine,2/21/2016-3/5/2016,2016-03-05,norovirus,173,3001,5.76,5,1142,0.44,pre,full,https://archive.cdc.gov/www_cdc_gov/nceh/vsp/surv/outbreak/archived-outbreaks-1993-2018.html,2026-08-30
2016,Royal Caribbean Cruise Line,Anthem of the Seas,2/21/2016-3/4/2016,2016-03-04,norovirus,132,4061,3.25,16,1592,1.01,pre,full,https://archive.cdc.gov/www_cdc_gov/nceh/vsp/surv/outbreak/archived-outbreaks-1993-2018.html,2026-08-30
2016,Oceania Cruises,Oceania Riviera,2/12/2016-2/22/2016,2016-02-22,norovirus,124,1225,10.12,3,773,0.39,pre,full,https://archive.cdc.gov/www_cdc_gov/nceh/vsp/surv/outbreak/archived-outbreaks-1993-2018.html,2026-08-30
2016,Oceania Cruises,Oceania Riviera,2/2/2016-2/12/2016,2016-02-12,norovirus,33,1045,3.16,0,774,0,pre,full,https://archive.cdc.gov/www_cdc_gov/nceh/vsp/surv/outbreak/archived-outbreaks-1993-2018.html,2026-08-30
2016,Princess Cruises,Crown Princess,1/8/2016-1/18/2016,2016-01-18,norovirus,180,3060,5.88,24,1168,2.05,pre,full,https://archive.cdc.gov/www_cdc_gov/nceh/vsp/surv/outbreak/archived-outbreaks-1993-2018.html,2026-08-30
2015,Holland America Line,Veendam,12/20/2015-12/27/2015,2015-12-27,norovirus,73,1429,5.11,11,588,1.87,pre,full,https://archive.cdc.gov/www_cdc_gov/nceh/vsp/surv/outbreak/archived-outbreaks-1993-2018.html,2026-08-30
2015,Princess Cruises,Caribbean Princess,12/13/2015-12/20/2015,2015-12-20,norovirus,163,3239,5.03,13,1154,1.13,pre,full,https://archive.cdc.gov/www_cdc_gov/nceh/vsp/surv/outbreak/archived-outbreaks-1993-2018.html,2026-08-30
2015,Oceania Cruises,Oceania Riviera,11/18/2015-12/2/2015,2015-12-02,norovirus,74,1160,6.38,12,776,1.55,pre,full,https://archive.cdc.gov/www_cdc_gov/nceh/vsp/surv/outbreak/archived-outbreaks-1993-2018.html,2026-08-30
2015,Princess Cruises,Star Princess,4/29/2015-5/14/2015,2015-05-14,norovirus,135,2588,5.22,16,1093,1.46,pre,full,https://archive.cdc.gov/www_cdc_gov/nceh/vsp/surv/outbreak/archived-outbreaks-1993-2018.html,2026-08-30
2015,Oceania Cruises,Oceania Marina,4/21/2015-5/7/2015,2015-05-07,norovirus,69,1185,5.82,11,769,1.43,pre,full,https://archive.cdc.gov/www_cdc_gov/nceh/vsp/surv/outbreak/archived-outbreaks-1993-2018.html,2026-08-30
2015,Holland America Line,ms Maasdam,4/17/2015-5/1/2015,2015-05-01,norovirus,67,1138,5.89,12,578,2.08,pre,full,https://archive.cdc.gov/www_cdc_gov/nceh/vsp/surv/outbreak/archived-outbreaks-1993-2018.html,2026-08-30
2015,Princess Cruises,Coral Princess,4/12/2015-4/27/2015,2015-04-27,norovirus,99,1958,5.06,12,881,1.36,pre,full,https://archive.cdc.gov/www_cdc_gov/nceh/vsp/surv/outbreak/archived-outbreaks-1993-2018.html,2026-08-30
2015,Royal Caribbean Cruise Line,Legend of the Seas,3/30/2015-4/14/2015,2015-04-14,norovirus,135,1746,7.73,7,748,0.94,pre,full,https://archive.cdc.gov/www_cdc_gov/nceh/vsp/surv/outbreak/archived-outbreaks-1993-2018.html,2026-08-30
2015,Celebrity Cruises,Celebrity Infinity,3/29/2015-4/13/2015,2015-04-13,norovirus,106,2117,5.00,6,964,0.62,pre,full,https://archive.cdc.gov/www_cdc_gov/nceh/vsp/surv/outbreak/archived-outbreaks-1993-2018.html,2026-08-30
2015,Norwegian Cruise Line,Norwegian Pearl,3/26/2015-4/6/2015,2015-04-06,norovirus,145,2472,5.87,13,1062,1.22,pre,full,https://archive.cdc.gov/www_cdc_gov/nceh/vsp/surv/outbreak/archived-outbreaks-1993-2018.html,2026-08-30
2015,Celebrity Cruises,Celebrity Equinox,2/13/2015-2/23/2015,2015-02-23,norovirus,142,2896,4.89,8,1209,0.66,pre,full,https://archive.cdc.gov/www_cdc_gov/nceh/vsp/surv/outbreak/archived-outbreaks-1993-2018.html,2026-08-30
2015,Royal Caribbean Cruise Line,Grandeur of the Seas,1/24/2015-2/3/2015,2015-02-03,norovirus,198,1948,10.16,9,786,1.15,pre,full,https://archive.cdc.gov/www_cdc_gov/nceh/vsp/surv/outbreak/archived-outbreaks-1993-2018.html,2026-08-30
2014,Princess Cruises,Crown Princess,10/18/2014-11/16/2014,2014-11-16,norovirus,158,3009,5.25,14,1160,1.21,pre,full,https://archive.cdc.gov/www_cdc_gov/nceh/vsp/surv/outbreak/archived-outbreaks-1993-2018.html,2026-08-30
2014,Princess Cruises,Crown Princess,4/5/2014-4/12/2014,2014-04-12,norovirus and enterotoxigenic e. coli (etec),122,3161,3.86,30,1176,2.55,pre,full,https://archive.cdc.gov/www_cdc_gov/nceh/vsp/surv/outbreak/archived-outbreaks-1993-2018.html,2026-08-30
2014,Royal Caribbean Cruise Line,Grandeur of the Seas,4/5/2014-4/12/2014,2014-04-12,norovirus,97,2120,4.58,8,808,0.99,pre,full,https://archive.cdc.gov/www_cdc_gov/nceh/vsp/surv/outbreak/archived-outbreaks-1993-2018.html,2026-08-30
2014,Royal Caribbean Cruise Line,Grandeur of the Seas,3/28/2014-4/5/2014,2014-04-05,norovirus,111,2122,5.23,6,790,0.76,pre,full,https://archive.cdc.gov/www_cdc_gov/nceh/vsp/surv/outbreak/archived-outbreaks-1993-2018.html,2026-08-30
2014,Holland America Line,ms Maasdam,3/2/2014-3/28/2014,2014-03-28,unknown,65,1096,5.93,8,569,1.41,pre,full,https://archive.cdc.gov/www_cdc_gov/nceh/vsp/surv/outbreak/archived-outbreaks-1993-2018.html,2026-08-30
2014,Holland America Line,ms Veendam,2/8/2014-2/22/2014,2014-02-22,norovirus,114,1273,8.96,10,575,1.74,pre,full,https://archive.cdc.gov/www_cdc_gov/nceh/vsp/surv/outbreak/archived-outbreaks-1993-2018.html,2026-08-30
2014,Princess Cruises,Caribbean Princess,1/25/2014-2/1/2014,2014-02-01,norovirus,181,3102,5.8,11,1148,0.96,pre,full,https://archive.cdc.gov/www_cdc_gov/nceh/vsp/surv/outbreak/archived-outbreaks-1993-2018.html,2026-08-30
2014,Royal Caribbean Cruise Line,Explorer of the Seas,1/21/2014-1/31/2014,2014-01-31,norovirus,634,3071,20.6,55,1166,4.7,pre,full,https://archive.cdc.gov/www_cdc_gov/nceh/vsp/surv/outbreak/archived-outbreaks-1993-2018.html,2026-08-30
2014,Norwegian Cruise Line,Norwegian Star,1/5/2014-1/19/2014,2014-01-19,norovirus,130,2318,5.61,12,1039,1.15,pre,full,https://archive.cdc.gov/www_cdc_gov/nceh/vsp/surv/outbreak/archived-outbreaks-1993-2018.html,2026-08-30
2013,Norwegian Cruise Line,Norwegian Gem,11/16/2013-11/25/2013,2013-11-25,norovirus,111,2600,4.27,3,1064,0.28,pre,full,https://archive.cdc.gov/www_cdc_gov/nceh/vsp/surv/outbreak/archived-outbreaks-1993-2018.html,2026-08-30
2013,Celebrity Cruise Lines,Celebrity Summit,9/21/2013-10/5/2013,2013-10-05,norovirus,322,2112,15.3,13,952,1.4,pre,full,https://archive.cdc.gov/www_cdc_gov/nceh/vsp/surv/outbreak/archived-outbreaks-1993-2018.html,2026-08-30
2013,Celebrity Cruise Lines,Celebrity Millennium,04/25/2013-05/10/2013,2013-05-10,norovirus,23,1963,6.275,16,935,1.71,pre,full,https://archive.cdc.gov/www_cdc_gov/nceh/vsp/surv/outbreak/archived-outbreaks-1993-2018.html,2026-08-30
2013,Crystal Cruises,Crystal Symphony,04/29/2013-05/06/2013,2013-05-06,norovirus,125,816,15.32,22,571,3.85,pre,full,https://archive.cdc.gov/www_cdc_gov/nceh/vsp/surv/outbreak/archived-outbreaks-1993-2018.html,2026-08-30
2013,Holland America Line,Veendam,04/13/2013-05/04/2013,2013-05-04,enterotoxigenic e. coli (etec),60,1237,4.85,10,574,1.74,pre,full,https://archive.cdc.gov/www_cdc_gov/nceh/vsp/surv/outbreak/archived-outbreaks-1993-2018.html,2026-08-30
2013,Celebrity Cruises,Celebrity Solstice,04/08/2013-04/25/2013,2013-04-25,norovirus,183,2849,6.42,2,1188,0.18,pre,full,https://archive.cdc.gov/www_cdc_gov/nceh/vsp/surv/outbreak/archived-outbreaks-1993-2018.html,2026-08-30
2013,Celebrity Cruises,Celebrity Infinity,03/17/2013-04/01/2013,2013-04-01,norovirus,101,2086,4.84,17,927,2.05,pre,full,https://archive.cdc.gov/www_cdc_gov/nceh/vsp/surv/outbreak/archived-outbreaks-1993-2018.html,2026-08-30
2013,Princess Cruises,Ruby Princess,03/03/2013-03/10/2013,2013-03-10,norovirus,266,3129,8.50,10,1189,0.84,pre,full,https://archive.cdc.gov/www_cdc_gov/nceh/vsp/surv/outbreak/archived-outbreaks-1993-2018.html,2026-08-30
2013,Royal Caribbean Cruise Line,Vision of the Seas,02/25/2013-03/08/2013,2013-03-08,norovirus,118,1991,5.93,3,765,0.39,pre,full,https://archive.cdc.gov/www_cdc_gov/nceh/vsp/surv/outbreak/archived-outbreaks-1993-2018.html,2026-08-30
2012,Cunard Line,Queen Mary 2,12/22/2012-01/03/2013,2013-01-03,norovirus,204,2613,7.81,16,1255,1.27,pre,full,https://archive.cdc.gov/www_cdc_gov/nceh/vsp/surv/outbreak/archived-outbreaks-1993-2018.html,2026-08-30
2012,Princess Cruises,Emerald Princess,12/17/2012-12/27/2012,2012-12-27,norovirus,189,3235,5.84,31,1189,2.61,pre,full,https://archive.cdc.gov/www_cdc_gov/nceh/vsp/surv/outbreak/archived-outbreaks-1993-2018.html,2026-08-30
2012,Holland America Line,Amsterdam,11/11/2012-12/5/2012,2012-12-05,norovirus,85,791,10.75,6,610,0.98,pre,full,https://archive.cdc.gov/www_cdc_gov/nceh/vsp/surv/outbreak/archived-outbreaks-1993-2018.html,2026-08-30
2012,Prestige Cruise Holdings,Oceania Riviera,11/15/2012-11/29/2012,2012-11-29,norovirus,37,1019,3.63,13,767,1.69,pre,full,https://archive.cdc.gov/www_cdc_gov/nceh/vsp/surv/outbreak/archived-outbreaks-1993-2018.html,2026-08-30
2012,Princess Cruises,Ruby Princess,10/09/2012-10/28/2012,2012-10-28,norovirus and enterotoxigenic e. coli (etec),149,2971,5.02,14,1177,1.19,pre,full,https://archive.cdc.gov/www_cdc_gov/nceh/vsp/surv/outbreak/archived-outbreaks-1993-2018.html,2026-08-30
2012,Princess Cruises,Dawn Princess,08/21/2012-09/13/2012,2012-09-13,norovirus,114,1778,6.41,11,851,1.29,pre,full,https://archive.cdc.gov/www_cdc_gov/nceh/vsp/surv/outbreak/archived-outbreaks-1993-2018.html,2026-08-30
2012,Royal Caribbean Cruise Line,Rhapsody of the Seas,08/24/2012-08/31/2012,2012-08-31,norovirus,153,2129,7.19,6,812,0.74,pre,full,https://archive.cdc.gov/www_cdc_gov/nceh/vsp/surv/outbreak/archived-outbreaks-1993-2018.html,2026-08-30
2012,Carnival Cruise Line,Carnival Glory,08/06/2012-08/11/2012,2012-08-11,norovirus,205,3652,5.61,3,1144,0.26,pre,full,https://archive.cdc.gov/www_cdc_gov/nceh/vsp/surv/outbreak/archived-outbreaks-1993-2018.html,2026-08-30
2012,Princess Cruises,Sun Princess,07/08/2012-07/21/2012,2012-07-21,norovirus,201,1918,10.48,15,836,1.79,pre,full,https://archive.cdc.gov/www_cdc_gov/nceh/vsp/surv/outbreak/archived-outbreaks-1993-2018.html,2026-08-30
2012,Princess Cruises,Ruby Princess,02/26/2012-03/04/2012,2012-03-04,norovirus,129,3147,4.10,9,1179,0.76,pre,full,https://archive.cdc.gov/www_cdc_gov/nceh/vsp/surv/outbreak/archived-outbreaks-1993-2018.html,2026-08-30
2012,Celebrity Cruises,Celebrity Constellation,01/28/2012-02/11/2012,2012-02-11,norovirus,102,1992,5.12,12,946,1.27,pre,full,https://archive.cdc.gov/www_cdc_gov/nceh/vsp/surv/outbreak/archived-outbreaks-1993-2018.html,2026-08-30
2012,Celebrity Cruises,Celebrity Silhouette,01/29/2012-02/10/2012,2012-02-10,norovirus,178,2809,6.34,11,1236,0.89,pre,full,https://archive.cdc.gov/www_cdc_gov/nceh/vsp/surv/outbreak/archived-outbreaks-1993-2018.html,2026-08-30
2012,Princess Cruises,Crown Princess,02/04/2012-02/09/2012,2012-02-09,norovirus,288,3078,9.36,75,1178,6.37,pre,full,https://archive.cdc.gov/www_cdc_gov/nceh/vsp/surv/outbreak/archived-outbreaks-1993-2018.html,2026-08-30
2012,Princess Cruises,Crown Princess,01/28/2012-02/04/2012,2012-02-04,norovirus,364,3103,11.73,32,1168,2.74,pre,full,https://archive.cdc.gov/www_cdc_gov/nceh/vsp/surv/outbreak/archived-outbreaks-1993-2018.html,2026-08-30
2012,Royal Caribbean Cruise Line,Voyager of the Seas,01/28/2012-02/04/2012,2012-02-04,norovirus,248,3310,7.90,11,1192,0.92,pre,full,https://archive.cdc.gov/www_cdc_gov/nceh/vsp/surv/outbreak/archived-outbreaks-1993-2018.html,2026-08-30
2012,P & O Cruises,Aurora,01/04/2012-01/26/2012,2012-01-26,norovirus,145,1727,8.40,8,850,0.94,pre,full,https://archive.cdc.gov/www_cdc_gov/nceh/vsp/surv/outbreak/archived-outbreaks-1993-2018.html,2026-08-30
2011,Holland America Line,ms Maasdam,12/23/2011–01/02/2012,2012-01-02,norovirus,56,1255,4.46,6,573,1.05,pre,full,https://archive.cdc.gov/www_cdc_gov/nceh/vsp/surv/outbreak/archived-outbreaks-1993-2018.html,2026-08-30
2011,Norwegian Cruise Line,Norwegian Spirit,12/18/2011–12/25/2011,2011-12-25,norovirus,94,2409,3.90,13,945,1.38,pre,full,https://archive.cdc.gov/www_cdc_gov/nceh/vsp/surv/outbreak/archived-outbreaks-1993-2018.html,2026-08-30
2011,Holland America Line,Ryndam,12/11/2011–12/18/2011,2011-12-18,norovirus,69,1298,5.32,6,574,1.05,pre,full,https://archive.cdc.gov/www_cdc_gov/nceh/vsp/surv/outbreak/archived-outbreaks-1993-2018.html,2026-08-30
2011,Celebrity Cruises,Celebrity Solstice,11/28/2011–12/11/2011,2011-12-11,norovirus,128,2730,4.69,11,1211,0.91,pre,full,https://archive.cdc.gov/www_cdc_gov/nceh/vsp/surv/outbreak/archived-outbreaks-1993-2018.html,2026-08-30
2011,Holland America Line,Ryndam,11/03/2011–11/20/2011,2011-11-20,norovirus,148,1188,12.46,11,574,1.92,pre,full,https://archive.cdc.gov/www_cdc_gov/nceh/vsp/surv/outbreak/archived-outbreaks-1993-2018.html,2026-08-30
2011,Princess Cruises,Sea Princess,05/30/2011-06/09/2011,2011-06-09,norovirus,14,2128,6.77,8,840,0.95,pre,full,https://archive.cdc.gov/www_cdc_gov/nceh/vsp/surv/outbreak/archived-outbreaks-1993-2018.html,2026-08-30
2011,Princess Cruises,Sea Princess,05/20/2011-05/30/2011,2011-05-30,norovirus,128,2053,6.23,13,838,1.55,pre,full,https://archive.cdc.gov/www_cdc_gov/nceh/vsp/surv/outbreak/archived-outbreaks-1993-2018.html,2026-08-30
2011,Lindblad Expeditions,National Geographic Sea Lion,05/21/2011-05/28/2011,2011-05-28,unknown,17,61,28.87,6,24,25.00,pre,full,https://archive.cdc.gov/www_cdc_gov/nceh/vsp/surv/outbreak/archived-outbreaks-1993-2018.html,2026-08-30
2011,Celebrity Cruises,Celebrity Millennium,05/20/2011-05/27/2011,2011-05-27,unknown,104,2058,5.1,9,921,0.98,pre,full,https://archive.cdc.gov/www_cdc_gov/nceh/vsp/surv/outbreak/archived-outbreaks-1993-2018.html,2026-08-30
2011,Princess Cruises,Coral Princess,05/04/2011-05/19/2011,2011-05-19,norovirus,64,1990,3.22,3,873,0.57,pre,full,https://archive.cdc.gov/www_cdc_gov/nceh/vsp/surv/outbreak/archived-outbreaks-1993-2018.html,2026-08-30
2011,Princess Cruises,Coral Princess,04/24/2011-05/04/2011,2011-05-04,enterotoxigenic e. coli (etec),66,1507,4.38,3,874,0.34,pre,full,https://archive.cdc.gov/www_cdc_gov/nceh/vsp/surv/outbreak/archived-outbreaks-1993-2018.html,2026-08-30
2011,Oceania Cruises,MV Marina,02/26/2011-03/15/2011,2011-03-15,enterotoxigenic e. coli (etec),39,1126,3.46,29,789,3.68,pre,full,https://archive.cdc.gov/www_cdc_gov/nceh/vsp/surv/outbreak/archived-outbreaks-1993-2018.html,2026-08-30
2011,Celebrity Cruises,Celebrity Solstice,01/30/2011-02/06/2011,2011-02-06,norovirus,118,2839,4.16,10,1227,0.819,pre,full,https://archive.cdc.gov/www_cdc_gov/nceh/vsp/surv/outbreak/archived-outbreaks-1993-2018.html,2026-08-30
2011,Royal Caribbean Cruise Line,Radiance of the Seas,01/03/2011-01/08/2011,2011-01-08,norovirus,150,2336,6.42,3,861,0.35,pre,full,https://archive.cdc.gov/www_cdc_gov/nceh/vsp/surv/outbreak/archived-outbreaks-1993-2018.html,2026-08-30
2010,Cunard Line,Queen Mary 2,12/19/2010-01/03/2011,2011-01-03,unknown,185,2483,7.45,29,1234,2.35,pre,full,https://archive.cdc.gov/www_cdc_gov/nceh/vsp/surv/outbreak/archived-outbreaks-1993-2018.html,2026-08-30
2010,Crystal Cruises,Crystal Symphony,11/02/2010-11/21/2010,2010-11-21,unknown,37,814,4.55,14,569,2.46,pre,full,https://archive.cdc.gov/www_cdc_gov/nceh/vsp/surv/outbreak/archived-outbreaks-1993-2018.html,2026-08-30
2010,Holland America Line,Nieuw Amsterdam,10/18/2010-11/07/2010,2010-11-07,norovirus,134,2027,6.61,6,873,0.69,pre,full,https://archive.cdc.gov/www_cdc_gov/nceh/vsp/surv/outbreak/archived-outbreaks-1993-2018.html,2026-08-30
2010,Carnival Cruise Lines,Carnival Glory,10/09/2010-10/16/2010,2010-10-16,norovirus,113,3003,3.76,20,1169,1.71,pre,full,https://archive.cdc.gov/www_cdc_gov/nceh/vsp/surv/outbreak/archived-outbreaks-1993-2018.html,2026-08-30
2010,Holland America Line,Zuiderdam,04/20/2010-05/08/2010,2010-05-08,unknown,73,1846,3.95,5,793,0.63,pre,full,https://archive.cdc.gov/www_cdc_gov/nceh/vsp/surv/outbreak/archived-outbreaks-1993-2018.html,2026-08-30
2010,Celebrity Cruises,Mercury,03/08/2010-03/19/2010,2010-03-19,norovirus,406,1829,22.1,13,857,1.5,pre,full,https://archive.cdc.gov/www_cdc_gov/nceh/vsp/surv/outbreak/archived-outbreaks-1993-2018.html,2026-08-30
2010,Celebrity Cruises,Mercury,02/26/2010-03/08/2010,2010-03-08,norovirus,182,1749,10.41,14,850,1.65,pre,full,https://archive.cdc.gov/www_cdc_gov/nceh/vsp/surv/outbreak/archived-outbreaks-1993-2018.html,2026-08-30
2010,Royal Caribbean International,Jewel of the Seas,02/22/2010-03/05/2010,2010-03-05,unknown,102,2158,4.70,14,848,1.60,pre,full,https://archive.cdc.gov/www_cdc_gov/nceh/vsp/surv/outbreak/archived-outbreaks-1993-2018.html,2026-08-30
2010,Celebrity Cruises,Millennium,02/22/2010-03/05/2010,2010-03-05,norovirus,157,2020,7.76,23,938,2.44,pre,full,https://archive.cdc.gov/www_cdc_gov/nceh/vsp/surv/outbreak/archived-outbreaks-1993-2018.html,2026-08-30
2010,Holland America Line,Maasdam,02/19/2010-03/05/2010,2010-03-05,norovirus,168,1211,13.87,19,559,3.40,pre,full,https://archive.cdc.gov/www_cdc_gov/nceh/vsp/surv/outbreak/archived-outbreaks-1993-2018.html,2026-08-30
2010,Celebrity Cruises,Mercury,02/15/2010-02/26/2010,2010-02-26,norovirus,411,1833,22.43,32,843,3.80,pre,full,https://archive.cdc.gov/www_cdc_gov/nceh/vsp/surv/outbreak/archived-outbreaks-1993-2018.html,2026-08-30
2010,Fred Olsen Cruise Lines,Balmoral,01/05/2010-02/04/2010,2010-02-04,unknown,293,1163,25.19,17,519,3.28,pre,full,https://archive.cdc.gov/www_cdc_gov/nceh/vsp/surv/outbreak/archived-outbreaks-1993-2018.html,2026-08-30
2010,Cunard Cruise Line,Queen Victoria,01/12/2010-01/27/2010,2010-01-27,unknown,168,1854,9.06,19,983,1.93,pre,full,https://archive.cdc.gov/www_cdc_gov/nceh/vsp/surv/outbreak/archived-outbreaks-1993-2018.html,2026-08-30
2010,Cunard Cruise Line,Queen Victoria,01/04/2010-01/12/2010,2010-01-12,norovirus,179,1874,9.55,8,983,0.81,pre,full,https://archive.cdc.gov/www_cdc_gov/nceh/vsp/surv/outbreak/archived-outbreaks-1993-2018.html,2026-08-30
2009,Holland America Line,Amsterdam,12/02/2009-12/23/2009,2009-12-23,norovirus,56,1317,4.25,8,610,1.31,pre,full,https://archive.cdc.gov/www_cdc_gov/nceh/vsp/surv/outbreak/archived-outbreaks-1993-2018.html,2026-08-30
2009,Regent Seven Seas Cruises,Seven Seas Mariner,12/02/2009-12/20/2009,2009-12-20,norovirus,28,621,4.51,0,435,0.0,pre,full,https://archive.cdc.gov/www_cdc_gov/nceh/vsp/surv/outbreak/archived-outbreaks-1993-2018.html,2026-08-30
2009,Norwegian Cruise Line,Norwegian Spirit,10/23/2009-11/08/2009,2009-11-08,norovirus,73,1991,3.66,9,965,0.93,pre,full,https://archive.cdc.gov/www_cdc_gov/nceh/vsp/surv/outbreak/archived-outbreaks-1993-2018.html,2026-08-30
2009,Holland America Line,Noordam,10/16/2009-11/1/2009,2009-11-01,norovirus,159,1826,8.71,19,784,2.42,pre,full,https://archive.cdc.gov/www_cdc_gov/nceh/vsp/surv/outbreak/archived-outbreaks-1993-2018.html,2026-08-30
2009,Holland America Line,Amsterdam,5/23/2009-5/30/2009,2009-05-30,unknown,101,1546,6.53,8,587,1.37,pre,full,https://archive.cdc.gov/www_cdc_gov/nceh/vsp/surv/outbreak/archived-outbreaks-1993-2018.html,2026-08-30
2009,Princess Cruises,Coral Princess,5/18/2009-5/25/2009,2009-05-25,unknown,121,2001,6.05,7,914,0.77,pre,full,https://archive.cdc.gov/www_cdc_gov/nceh/vsp/surv/outbreak/archived-outbreaks-1993-2018.html,2026-08-30
2009,Princess Cruises,Island Princess,4/23/2009-5/07/2009,2009-05-07,shigella sonnei and enterotoxigenic e. coli (etec),100,1954,5.12,8,894,0.56,pre,full,https://archive.cdc.gov/www_cdc_gov/nceh/vsp/surv/outbreak/archived-outbreaks-1993-2018.html,2026-08-30
2009,Carnival Cruise Line,Carnival Liberty,4/18/2009-4/25/2009,2009-04-25,norovirus,208,3253,6.39,57,1163,4.9,pre,full,https://archive.cdc.gov/www_cdc_gov/nceh/vsp/surv/outbreak/archived-outbreaks-1993-2018.html,2026-08-30
2009,Holland America Line,Amsterdam,4/2/2009-4/24/2009,2009-04-24,cyclospora cayetanensis,135,1318,10.24,25,600,4.17,pre,full,https://archive.cdc.gov/www_cdc_gov/nceh/vsp/surv/outbreak/archived-outbreaks-1993-2018.html,2026-08-30
2009,Celebrity Cruises,Celebrity Mercury,2/28/2009-3/15/2009,2009-03-15,norovirus,113,1862,6.1,6,834,0.72,pre,full,https://archive.cdc.gov/www_cdc_gov/nceh/vsp/surv/outbreak/archived-outbreaks-1993-2018.html,2026-08-30
2009,Holland America Line,Oosterdam,2/21/2009-2/28/2009,2009-02-28,norovirus,110,1840,5.98,10,786,1.27,pre,full,https://archive.cdc.gov/www_cdc_gov/nceh/vsp/surv/outbreak/archived-outbreaks-1993-2018.html,2026-08-30
2009,Holland America Line,Zaandam,2/5/2009-2/20/2009,2009-02-20,norovirus,74,1408,5.3,21,590,3.6,pre,full,https://archive.cdc.gov/www_cdc_gov/nceh/vsp/surv/outbreak/archived-outbreaks-1993-2018.html,2026-08-30
2009,Princess Cruises,Coral Princess,2/3/2009-2/13/2009,2009-02-13,norovirus,252,1996,12.6,19,885,2.1,pre,full,https://archive.cdc.gov/www_cdc_gov/nceh/vsp/surv/outbreak/archived-outbreaks-1993-2018.html,2026-08-30
2009,Celebrity Cruises,Celebrity Mercury,1/3/2009-1/17/2009,2009-01-17,norovirus,150,1842,8.14,7,859,0.81,pre,full,https://archive.cdc.gov/www_cdc_gov/nceh/vsp/surv/outbreak/archived-outbreaks-1993-2018.html,2026-08-30
2009,Holland America Line,Maasdam,1/2/2009-1/9/2009,2009-01-09,unknown,79,1402,5.6,8,561,1.4,pre,full,https://archive.cdc.gov/www_cdc_gov/nceh/vsp/surv/outbreak/archived-outbreaks-1993-2018.html,2026-08-30
2008,Holland America Line,Zuiderdam,10/23/2008-11/09/2008,2008-11-09,norovirus,262,1820,14.4,17,794,2.14,pre,full,https://archive.cdc.gov/www_cdc_gov/nceh/vsp/surv/outbreak/archived-outbreaks-1993-2018.html,2026-08-30
2008,Princess Cruises,Caribbean Princess,10/19/2008-10/26/2008,2008-10-26,norovirus,172,3081,5.58,13,1161,1.12,pre,full,https://archive.cdc.gov/www_cdc_gov/nceh/vsp/surv/outbreak/archived-outbreaks-1993-2018.html,2026-08-30
2008,Norwegian Cruise Line,Norwegian Jewel,10/8/2008-10/18/2008,2008-10-18,norovirus,86,2098,4.10,11,1084,1.00,pre,full,https://archive.cdc.gov/www_cdc_gov/nceh/vsp/surv/outbreak/archived-outbreaks-1993-2018.html,2026-08-30
2008,American Canadian Cruise Line,Grande Caribe,9/30/2008-10/12/2008,2008-10-12,norovirus,29,68,43,8,17,47,pre,full,https://archive.cdc.gov/www_cdc_gov/nceh/vsp/surv/outbreak/archived-outbreaks-1993-2018.html,2026-08-30
2008,Norwegian Cruise Line,Norwegian Jewel,9/28/2008-10/8/2008,2008-10-08,norovirus,144,2132,6.75,9,1071,0.84,pre,full,https://archive.cdc.gov/www_cdc_gov/nceh/vsp/surv/outbreak/archived-outbreaks-1993-2018.html,2026-08-30
2008,Regent Seven Seas Cruises,Seven Seas Mariner,8/27/2008-9/3/2008,2008-09-03,norovirus,33,620,5.32,12,445,2.69,pre,full,https://archive.cdc.gov/www_cdc_gov/nceh/vsp/surv/outbreak/archived-outbreaks-1993-2018.html,2026-08-30
2008,Holland America Line,Veendam,6/13/2008-6/20/2008,2008-06-20,norovirus,112,1313,8.53,12,556,2.16,pre,full,https://archive.cdc.gov/www_cdc_gov/nceh/vsp/surv/outbreak/archived-outbreaks-1993-2018.html,2026-08-30
2008,Norwegian Cruise Line,Norwegian Dream,4/13/2008-5/1/2008,2008-05-01,norovirus and enterotoxigenic e. coli (etec),99,1579,6.27,9,735,1.22,pre,full,https://archive.cdc.gov/www_cdc_gov/nceh/vsp/surv/outbreak/archived-outbreaks-1993-2018.html,2026-08-30
2008,Holland America Line,Zaandam,3/19/2008-4/3/2008,2008-04-03,norovirus,100,1428,7.00,13,611,2.13,pre,full,https://archive.cdc.gov/www_cdc_gov/nceh/vsp/surv/outbreak/archived-outbreaks-1993-2018.html,2026-08-30
2008,Holland America Line,Ryndam,2/15/2008-2/25/2008,2008-02-25,norovirus,113,1226,9.22,8,556,1.44,pre,full,https://archive.cdc.gov/www_cdc_gov/nceh/vsp/surv/outbreak/archived-outbreaks-1993-2018.html,2026-08-30
2008,Carnival Cruise Line,Holiday,1/24/2008-1/28/2008,2008-01-28,norovirus,121,1548,7.82,22,686,3.21,pre,full,https://archive.cdc.gov/www_cdc_gov/nceh/vsp/surv/outbreak/archived-outbreaks-1993-2018.html,2026-08-30
2008,Norwegian Cruise Lines,Norwegian Star,1/19/2008-1/27/2008,2008-01-27,norovirus,228,2427,9.39,32,1103,2.9,pre,full,https://archive.cdc.gov/www_cdc_gov/nceh/vsp/surv/outbreak/archived-outbreaks-1993-2018.html,2026-08-30
2008,Holland America Line,Noordam,1/5/2008-1/16/2008,2008-01-16,norovirus,103,1980,5.2,12,816,1.47,pre,full,https://archive.cdc.gov/www_cdc_gov/nceh/vsp/surv/outbreak/archived-outbreaks-1993-2018.html,2026-08-30
2008,Holland America Line,Volendam,1/2/2008-1/12/2008,2008-01-12,norovirus,85,1451,5.86,7,608,1.15,pre,full,https://archive.cdc.gov/www_cdc_gov/nceh/vsp/surv/outbreak/archived-outbreaks-1993-2018.html,2026-08-30
2007,Princess Cruises,Pacific Princess,12/15/2007-1/10/2008,2008-01-10,enterotoxigenic e. coli (etec),50,642,7.79,6,369,1.63,pre,full,https://archive.cdc.gov/www_cdc_gov/nceh/vsp/surv/outbreak/archived-outbreaks-1993-2018.html,2026-08-30
2007,Princess Cruises,Emerald Princess,12/16/2007-12/26/2007,2007-12-26,norovirus,156,3209,4.86,22,1211,1.82,pre,full,https://archive.cdc.gov/www_cdc_gov/nceh/vsp/surv/outbreak/archived-outbreaks-1993-2018.html,2026-08-30
2007,Norwegian Cruise Line,Norwegian Pearl,11/30/2007-12/9/2007,2007-12-09,norovirus,335,2377,14.09,24,1097,2.19,pre,full,https://archive.cdc.gov/www_cdc_gov/nceh/vsp/surv/outbreak/archived-outbreaks-1993-2018.html,2026-08-30
2007,Holland America Line,Zaandam,11/5/2007-11/20/2007,2007-11-20,norovirus,91,1371,6.64,8,616,1.3,pre,full,https://archive.cdc.gov/www_cdc_gov/nceh/vsp/surv/outbreak/archived-outbreaks-1993-2018.html,2026-08-30
2007,Norwegian Cruise Line,Norwegian Dawn,10/14/2007-10/26/2007,2007-10-26,norovirus,149,2169,6.85,15,1056,1.42,pre,full,https://archive.cdc.gov/www_cdc_gov/nceh/vsp/surv/outbreak/archived-outbreaks-1993-2018.html,2026-08-30
2007,Norwegian Cruise Line,Norwegian Crown,8/12/2007-8/19/2007,2007-08-19,norovirus,51,1246,4.09,2,534,0.37,pre,full,https://archive.cdc.gov/www_cdc_gov/nceh/vsp/surv/outbreak/archived-outbreaks-1993-2018.html,2026-08-30
2007,Carnival Cruise Line,Carnival Spirit,6/13/2007-6/20/2007,2007-06-20,norovirus,116,2205,5.26,8,931,0.86,pre,full,https://archive.cdc.gov/www_cdc_gov/nceh/vsp/surv/outbreak/archived-outbreaks-1993-2018.html,2026-08-30
2007,Royal Caribbean Cruise Line,Liberty of the Seas,5/26/2007-6/2/2007,2007-06-02,norovirus,200,3846,5.2,12,1425,0.84,pre,full,https://archive.cdc.gov/www_cdc_gov/nceh/vsp/surv/outbreak/archived-outbreaks-1993-2018.html,2026-08-30
2007,Norwegian Cruise Line,Norwegian Star,5/19/2007-5/26/2007,2007-05-26,norovirus,177,2331,7.59,7,1100,0.65,pre,full,https://archive.cdc.gov/www_cdc_gov/nceh/vsp/surv/outbreak/archived-outbreaks-1993-2018.html,2026-08-30
2007,Norwegian Cruise Line,Norwegian Pearl,4/13/2007-4/22/2007,2007-04-22,specimens not obtained,92,2490,3.69,7,1084,0.65,pre,full,https://archive.cdc.gov/www_cdc_gov/nceh/vsp/surv/outbreak/archived-outbreaks-1993-2018.html,2026-08-30
2007,Holland America Line,Volendam,4/12/2007-4/22/2007,2007-04-22,specimens not obtained,69,1427,4.84,2,606,0.33,pre,full,https://archive.cdc.gov/www_cdc_gov/nceh/vsp/surv/outbreak/archived-outbreaks-1993-2018.html,2026-08-30
2007,Regent Seven Seas Cruises,Seven Seas Navigator,4/5/2007-4/16/2007,2007-04-16,norovirus,22,456,4.8,0,350,0,pre,full,https://archive.cdc.gov/www_cdc_gov/nceh/vsp/surv/outbreak/archived-outbreaks-1993-2018.html,2026-08-30
2007,Celebrity Cruises,Zenith,4/2/2007-4/13/2007,2007-04-13,norovirus,89,1363,6.53,11,613,1.79,pre,full,https://archive.cdc.gov/www_cdc_gov/nceh/vsp/surv/outbreak/archived-outbreaks-1993-2018.html,2026-08-30
2007,Princess Cruises,Regal Princess,3/13/2007-3/25/2007,2007-03-25,unknown,69,1504,4.6,8,680,1.2,pre,full,https://archive.cdc.gov/www_cdc_gov/nceh/vsp/surv/outbreak/archived-outbreaks-1993-2018.html,2026-08-30
2007,Majestic America Line,Empress of the North,3/16/2007-3/21/2007,2007-03-21,norovirus,26,169,15.4,7,77,9.1,pre,full,https://archive.cdc.gov/www_cdc_gov/nceh/vsp/surv/outbreak/archived-outbreaks-1993-2018.html,2026-08-30
2007,Holland America,Ryndam,3/3/2007-3/13/2007,2007-03-13,norovirus,61,1209,5.05,7,593,1.18,pre,full,https://archive.cdc.gov/www_cdc_gov/nceh/vsp/surv/outbreak/archived-outbreaks-1993-2018.html,2026-08-30
2007,Regent Seven Seas Cruises,Seven Seas Mariner,2/25/2007-3/9/2007,2007-03-09,"shigella, salmonella, enterobacter, and entameoba histolytica",38,614,6.19,5,446,1.12,pre,full,https://archive.cdc.gov/www_cdc_gov/nceh/vsp/surv/outbreak/archived-outbreaks-1993-2018.html,2026-08-30
2007,Holland America,Ryndam,2/21/2007-3/3/2007,2007-03-03,norovirus,184,1260,14.6,26,579,4.49,pre,full,https://archive.cdc.gov/www_cdc_gov/nceh/vsp/surv/outbreak/archived-outbreaks-1993-2018.html,2026-08-30
2007,Holland America,Ryndam,1/22/2007-2/21/2007,2007-02-21,norovirus,110,1153,9.54,14,573,2.44,pre,full,https://archive.cdc.gov/www_cdc_gov/nceh/vsp/surv/outbreak/archived-outbreaks-1993-2018.html,2026-08-30
2007,Holland America Line,Westerdam,2/2/2007-2/11/2007,2007-02-11,norovirus,146,1790,8.16,9,809,1.11,pre,full,https://archive.cdc.gov/www_cdc_gov/nceh/vsp/surv/outbreak/archived-outbreaks-1993-2018.html,2026-08-30
2007,Princess Cruises,Island Princess,1/26/2007-2/10/2007,2007-02-10,norovirus,179,1936,9.25,37,916,4.04,pre,full,https://archive.cdc.gov/www_cdc_gov/nceh/vsp/surv/outbreak/archived-outbreaks-1993-2018.html,2026-08-30
2007,Cruise West,Spirit of Nantucket,1/27/2007-2/3/2007,2007-02-03,unknown,8,36,22.22,10,35,28.57,pre,full,https://archive.cdc.gov/www_cdc_gov/nceh/vsp/surv/outbreak/archived-outbreaks-1993-2018.html,2026-08-30
2007,Holland America Line,Volendam,1/22/2007-2/1/2007,2007-02-01,specimens not obtained,105,1385,7.58,7,608,1.15,pre,full,https://archive.cdc.gov/www_cdc_gov/nceh/vsp/surv/outbreak/archived-outbreaks-1993-2018.html,2026-08-30
2007,Cunard Line,Queen Elizabeth 2,1/8/2007-1/22/2007,2007-01-22,norovirus,276,1652,16.71,28,1002,2.79,pre,full,https://archive.cdc.gov/www_cdc_gov/nceh/vsp/surv/outbreak/archived-outbreaks-1993-2018.html,2026-08-30
2006,Princess Cruises,Regal Princess,12/7/2006-12/27/2006,2006-12-27,norovirus,75,1479,5.07,5,678,0.07,pre,full,https://archive.cdc.gov/www_cdc_gov/nceh/vsp/surv/outbreak/archived-outbreaks-1993-2018.html,2026-08-30
2006,Holland America Line,Zaandam,11/26/2006-12/11/2006,2006-12-11,norovirus,64,1431,4.47,4,617,0.67,pre,full,https://archive.cdc.gov/www_cdc_gov/nceh/vsp/surv/outbreak/archived-outbreaks-1993-2018.html,2026-08-30
2006,Royal Caribbean Cruise Line,Freedom of the Seas,12/3/2006-12/10/2006 (no sail recommendation),2006-12-10,norovirus,85,3907,,11,1399,0.84,pre,full,https://archive.cdc.gov/www_cdc_gov/nceh/vsp/surv/outbreak/archived-outbreaks-1993-2018.html,2026-08-30
2006,Princess Cruises,Sun Princess,11/30/2006-12/10/2006,2006-12-10,norovirus,112,2013,5.56,7,862,0.81,pre,full,https://archive.cdc.gov/www_cdc_gov/nceh/vsp/surv/outbreak/archived-outbreaks-1993-2018.html,2026-08-30
2006,Norwegian Cruise Line,Norwegian Wind,11/29/2006-12/9/2006,2006-12-09,norovirus,77,1671,4.61,7,691,0.01,pre,full,https://archive.cdc.gov/www_cdc_gov/nceh/vsp/surv/outbreak/archived-outbreaks-1993-2018.html,2026-08-30
2006,Royal Caribbean Cruise Line,Freedom of the Seas,11/26/2006-12/3/2006,2006-12-03,norovirus,338,3823,8.84,46,1402,3.28,pre,full,https://archive.cdc.gov/www_cdc_gov/nceh/vsp/surv/outbreak/archived-outbreaks-1993-2018.html,2026-08-30
2006,Royal Caribbean Cruise Line,Serenade of the Seas,11/18/2006-11/25/2006,2006-11-25,norovirus,101,2241,4.51,3,848,0.35,pre,full,https://archive.cdc.gov/www_cdc_gov/nceh/vsp/surv/outbreak/archived-outbreaks-1993-2018.html,2026-08-30
2006,Celebrity Cruises,Summit,11/11/2006-11/25/2006,2006-11-25,"unknown, negative for norovirus",72,1911,3.77,12,942,1.27,pre,full,https://archive.cdc.gov/www_cdc_gov/nceh/vsp/surv/outbreak/archived-outbreaks-1993-2018.html,2026-08-30
2006,Carnival Cruise Line,Carnival Liberty,11/3/2006-11/19/2006,2006-11-19,norovirus,536,2804,19.12,143,1166,12.22,pre,full,https://archive.cdc.gov/www_cdc_gov/nceh/vsp/surv/outbreak/archived-outbreaks-1993-2018.html,2026-08-30
2006,Royal Caribbean Cruise Line,Adventure of the Seas,11/5/2006-11/12/2006,2006-11-12,norovirus,129,3260,3.96,1,1174,0.08,pre,full,https://archive.cdc.gov/www_cdc_gov/nceh/vsp/surv/outbreak/archived-outbreaks-1993-2018.html,2026-08-30
2006,Royal Caribbean Cruise Line,Serenade of the Seas,10/29/2006-11/11/2006,2006-11-11,norovirus,68,2023,3.36,9,854,1.05,pre,full,https://archive.cdc.gov/www_cdc_gov/nceh/vsp/surv/outbreak/archived-outbreaks-1993-2018.html,2026-08-30
2006,Celebrity Cruises,Constellation,10/27/2006-11/7/2006,2006-11-07,norovirus,72,1776,4.05,13,967,1.34,pre,full,https://archive.cdc.gov/www_cdc_gov/nceh/vsp/surv/outbreak/archived-outbreaks-1993-2018.html,2026-08-30
2006,Princess Cruises,Island Princess,10/21/2006-11/5/2006,2006-11-05,norovirus,109,1959,5.56,11,905,1.22,pre,full,https://archive.cdc.gov/www_cdc_gov/nceh/vsp/surv/outbreak/archived-outbreaks-1993-2018.html,2026-08-30
2006,Celebrity Cruises,Constellation,10/16/2006-10/27/2006,2006-10-27,norovirus,65,1955,3.32,1,978,0.10,pre,full,https://archive.cdc.gov/www_cdc_gov/nceh/vsp/surv/outbreak/archived-outbreaks-1993-2018.html,2026-08-30
2006,Princess Cruises,Diamond Princess,9/2/2006-9/9/2006,2006-09-09,norovirus,127,2643,4.81,4,1120,0.36,pre,full,https://archive.cdc.gov/www_cdc_gov/nceh/vsp/surv/outbreak/archived-outbreaks-1993-2018.html,2026-08-30
2006,Royal Caribbean Cruise Line,Radiance of the Seas,9/2/2006-9/9/2006,2006-09-09,"unknown, negative for norovirus",227,2131,10.65,12,870,1.38,pre,full,https://archive.cdc.gov/www_cdc_gov/nceh/vsp/surv/outbreak/archived-outbreaks-1993-2018.html,2026-08-30
2006,Royal Caribbean Cruise Line,Mariner of the Seas,7/23/2006-7/30/2006,2006-07-30,norovirus,248,3671,6.8,6,1206,0.5,pre,full,https://archive.cdc.gov/www_cdc_gov/nceh/vsp/surv/outbreak/archived-outbreaks-1993-2018.html,2026-08-30
2006,Celebrity Cruises,Infinity,7/9/2006-7/16/2006,2006-07-16,norovirus,105,2282,4.6,20,952,2.1,pre,full,https://archive.cdc.gov/www_cdc_gov/nceh/vsp/surv/outbreak/archived-outbreaks-1993-2018.html,2026-08-30
2006,Celebrity Cruises,Mercury,6/2/2006-6/9/2006,2006-06-09,norovirus,121,2025,5.98,4,848,0.47,pre,full,https://archive.cdc.gov/www_cdc_gov/nceh/vsp/surv/outbreak/archived-outbreaks-1993-2018.html,2026-08-30
2006,Holland America Line,Ryndam,5/28/2006-6/4/2006,2006-06-04,norovirus,64,1230,5.2,5,574,0.87,pre,full,https://archive.cdc.gov/www_cdc_gov/nceh/vsp/surv/outbreak/archived-outbreaks-1993-2018.html,2026-08-30
2006,Holland America Line,Ryndam,5/14/2006-5/21/2006,2006-05-21,norovirus,102,1270,7.97,13,570,2.28,pre,full,https://archive.cdc.gov/www_cdc_gov/nceh/vsp/surv/outbreak/archived-outbreaks-1993-2018.html,2026-08-30
2006,Norwegian Cruise Line,Norwegian Star,5/14/2006-5/21/2006,2006-05-21,norovirus,115,2388,4.82,12,1063,1.13,pre,full,https://archive.cdc.gov/www_cdc_gov/nceh/vsp/surv/outbreak/archived-outbreaks-1993-2018.html,2026-08-30
2006,Norwegian Cruise Line,Norwegian Sun,5/13/2006-5/20/2006,2006-05-20,norovirus,71,2107,3.37,6,924,0.65,pre,full,https://archive.cdc.gov/www_cdc_gov/nceh/vsp/surv/outbreak/archived-outbreaks-1993-2018.html,2026-08-30
2006,Holland America Line,Veendam,4/22-5/9/2006,2006-05-09,norovirus,67,1214,5.52,8,566,1.41,pre,full,https://archive.cdc.gov/www_cdc_gov/nceh/vsp/surv/outbreak/archived-outbreaks-1993-2018.html,2026-08-30
2006,Royal Caribbean Cruise Line,Explorer of the Seas,4/23/2006-4/30/2006,2006-04-30,norovirus,117,3292,3.6,15,1188,1.26,pre,full,https://archive.cdc.gov/www_cdc_gov/nceh/vsp/surv/outbreak/archived-outbreaks-1993-2018.html,2026-08-30
2006,Holland America Line,Amsterdam,3/22/2006-4/6/2006,2006-04-06,norovirus,76,1294,5.87,8,605,1.32,pre,full,https://archive.cdc.gov/www_cdc_gov/nceh/vsp/surv/outbreak/archived-outbreaks-1993-2018.html,2026-08-30
2006,Celebrity Cruises,Mercury,3/17/2006-3/27/2006,2006-03-27,norovirus,107,1986,5.39,24,844,2.84,pre,full,https://archive.cdc.gov/www_cdc_gov/nceh/vsp/surv/outbreak/archived-outbreaks-1993-2018.html,2026-08-30
2006,Princess Cruises,Island Princess,3/7/2006-3/22/2006,2006-03-22,norovirus,72,1950,3.69,16,911,1.76,pre,full,https://archive.cdc.gov/www_cdc_gov/nceh/vsp/surv/outbreak/archived-outbreaks-1993-2018.html,2026-08-30
2006,Holland America Line,Amsterdam,3/7/2006-3/22/2006,2006-03-22,norovirus,130,1360,9.56,8,606,1.32,pre,full,https://archive.cdc.gov/www_cdc_gov/nceh/vsp/surv/outbreak/archived-outbreaks-1993-2018.html,2026-08-30
2006,Celebrity Cruises,Mercury,3/6/2006-3/17/2006,2006-03-17,norovirus,191,1902,10.04,14,840,1.67,pre,full,https://archive.cdc.gov/www_cdc_gov/nceh/vsp/surv/outbreak/archived-outbreaks-1993-2018.html,2026-08-30
2006,Holland America Line,Volendam,3/3/2006-3/13/2006,2006-03-13,norovirus,51,1412,3.61,3,613,0.49,pre,full,https://archive.cdc.gov/www_cdc_gov/nceh/vsp/surv/outbreak/archived-outbreaks-1993-2018.html,2026-08-30
2006,Regent Seven Seas Cruises,Seven Seas Mariner,2/28/2006-3/13/2006,2006-03-13,unknown,26,582,4.47,13,444,2.93,pre,full,https://archive.cdc.gov/www_cdc_gov/nceh/vsp/surv/outbreak/archived-outbreaks-1993-2018.html,2026-08-30
2006,Royal Caribbean Cruise Line,Grandeur of the Seas,3/6/2006-3/11/2006,2006-03-11,norovirus,130,2263,5.74,11,754,1.46,pre,full,https://archive.cdc.gov/www_cdc_gov/nceh/vsp/surv/outbreak/archived-outbreaks-1993-2018.html,2026-08-30
2006,Royal Caribbean Cruise Line,Explorer of the Seas,2/26/2006-3/5/2006,2006-03-05,norovirus,243,3245,7.5,19,1184,1.6,pre,full,https://archive.cdc.gov/www_cdc_gov/nceh/vsp/surv/outbreak/archived-outbreaks-1993-2018.html,2026-08-30
2006,Cunard Line,Queen Mary 2,2/8/2006-2/22/2006,2006-02-22,enterotoxigenic e. coli (etec),86,2498,3.44,31,1271,2.44,pre,full,https://archive.cdc.gov/www_cdc_gov/nceh/vsp/surv/outbreak/archived-outbreaks-1993-2018.html,2026-08-30
2006,P & O Cruises,Minerva II,1/12/2006-1/26/2006,2006-01-26,unknown,23,562,4.09,3,326,0.92,pre,full,https://archive.cdc.gov/www_cdc_gov/nceh/vsp/surv/outbreak/archived-outbreaks-1993-2018.html,2026-08-30
2005,Holland America Line,Zuiderdam,12/30/2005-1/7/2006,2006-01-07,norovirus,105,1888,5.56,33,814,4.05,pre,full,https://archive.cdc.gov/www_cdc_gov/nceh/vsp/surv/outbreak/archived-outbreaks-1993-2018.html,2026-08-30
2005,Royal Caribbean Cruise Line,Splendour of the Seas,11/12/2005-11/26/2005,2005-11-26,norovirus,135,1592,8.48,12,729,1.65,pre,full,https://archive.cdc.gov/www_cdc_gov/nceh/vsp/surv/outbreak/archived-outbreaks-1993-2018.html,2026-08-30
2005,Princess Cruises,Sun Princess,5/9/2005-5/16/2005,2005-05-16,norovirus,121,2000,6.05,4,852,0.47,pre,full,https://archive.cdc.gov/www_cdc_gov/nceh/vsp/surv/outbreak/archived-outbreaks-1993-2018.html,2026-08-30
2005,Princess Cruises,Dawn Princess,4/29/2005-5/14/2005,2005-05-14,norovirus,76,1974,3.9,9,864,1.0,pre,full,https://archive.cdc.gov/www_cdc_gov/nceh/vsp/surv/outbreak/archived-outbreaks-1993-2018.html,2026-08-30
2005,Celebrity Cruises,Horizon,4/23/2005-4/30/2005,2005-04-30,unknown,42,1309,3.2,14,650,2.1,pre,full,https://archive.cdc.gov/www_cdc_gov/nceh/vsp/surv/outbreak/archived-outbreaks-1993-2018.html,2026-08-30
2005,Crystal Cruises,Crystal Symphony,4/14/2005-4/25/2005,2005-04-25,unknown,20,570,3.5,3,560,0.5,pre,full,https://archive.cdc.gov/www_cdc_gov/nceh/vsp/surv/outbreak/archived-outbreaks-1993-2018.html,2026-08-30
2005,Norwegian Cruise Line,Norwegian Crown,3/13/2005-3/28/2005,2005-03-28,unknown,60,1014,5.92,4,528,0.75,pre,full,https://archive.cdc.gov/www_cdc_gov/nceh/vsp/surv/outbreak/archived-outbreaks-1993-2018.html,2026-08-30
2005,Princess Cruises,Royal Princess,3/7/2005-3/24/2005,2005-03-24,unknown,38,1163,3.27,15,541,2.77,pre,full,https://archive.cdc.gov/www_cdc_gov/nceh/vsp/surv/outbreak/archived-outbreaks-1993-2018.html,2026-08-30
2005,Celebrity Cruises,Zenith,2/27/2005-3/13/2005,2005-03-13,norovirus,138,1308,10.55,17,656,2.59,pre,full,https://archive.cdc.gov/www_cdc_gov/nceh/vsp/surv/outbreak/archived-outbreaks-1993-2018.html,2026-08-30
2005,Holland America Line,Veendam,3/5/2005-3/12/2005,2005-03-12,norovirus,88,1267,6.95,6,554,1.08,pre,full,https://archive.cdc.gov/www_cdc_gov/nceh/vsp/surv/outbreak/archived-outbreaks-1993-2018.html,2026-08-30
2005,Carnival Cruise Line,Celebration,2/21/2005-2/26/2005,2005-02-26,norovirus,69,1647,4.19,30,693,4.33,pre,full,https://archive.cdc.gov/www_cdc_gov/nceh/vsp/surv/outbreak/archived-outbreaks-1993-2018.html,2026-08-30
2005,Regent Seven Seas Cruises,Seven Seas Mariner,2/12/2005-2/24/2005,2005-02-24,salmonella,1,551,0.18,20,444,4.5,pre,full,https://archive.cdc.gov/www_cdc_gov/nceh/vsp/surv/outbreak/archived-outbreaks-1993-2018.html,2026-08-30
2005,Carnival Cruise Line,Celebration,2/17/2005-2/21/2005,2005-02-21,norovirus,89,1692,5.26,35,688,5.09,pre,full,https://archive.cdc.gov/www_cdc_gov/nceh/vsp/surv/outbreak/archived-outbreaks-1993-2018.html,2026-08-30
2005,Holland America Line,Veendam,1/15/2005-1/29/2005,2005-01-29,norovirus,219,1229,17.8,36,584,6.2,pre,full,https://archive.cdc.gov/www_cdc_gov/nceh/vsp/surv/outbreak/archived-outbreaks-1993-2018.html,2026-08-30
2005,Holland America Line,Ryndam,1/13/2005-1/29/2005,2005-01-29,norovirus,272,1223,22.2,37,574,,pre,full,https://archive.cdc.gov/www_cdc_gov/nceh/vsp/surv/outbreak/archived-outbreaks-1993-2018.html,2026-08-30
2005,Royal Caribbean Cruise Line,Empress of the Seas,1/17/2005-1/28/2005,2005-01-28,norovirus,72,1544,4.6,5,685,0.7,pre,full,https://archive.cdc.gov/www_cdc_gov/nceh/vsp/surv/outbreak/archived-outbreaks-1993-2018.html,2026-08-30
2005,Royal Caribbean Cruise Line,Mariner of the Seas,1/16/2005-1/23/2005,2005-01-23,norovirus,276,3465,7.9,27,1190,2.2,pre,full,https://archive.cdc.gov/www_cdc_gov/nceh/vsp/surv/outbreak/archived-outbreaks-1993-2018.html,2026-08-30
2005,Princess Cruises,Sun Princess,1/8/2005-1/18/2005,2005-01-18,norovirus,93,2035,4.57,5,865,0.58,pre,full,https://archive.cdc.gov/www_cdc_gov/nceh/vsp/surv/outbreak/archived-outbreaks-1993-2018.html,2026-08-30
2005,Holland America Line,Veendam,1/3/2005-1/15/2005,2005-01-15,norovirus,70,1236,5.66,7,571,1.23,pre,full,https://archive.cdc.gov/www_cdc_gov/nceh/vsp/surv/outbreak/archived-outbreaks-1993-2018.html,2026-08-30
2005,Royal Caribbean Cruise Line,Enchantment of the Seas,1/3/2005-1/8/2005,2005-01-08,norovirus,103,2136,4.82,8,756,1.06,pre,full,https://archive.cdc.gov/www_cdc_gov/nceh/vsp/surv/outbreak/archived-outbreaks-1993-2018.html,2026-08-30
2004,Princess Cruises,Coral Princess,12/28/2004-1/07/2005,2005-01-07,norovirus,84,2116,3.97,31,913,3.4,pre,full,https://archive.cdc.gov/www_cdc_gov/nceh/vsp/surv/outbreak/archived-outbreaks-1993-2018.html,2026-08-30
2004,Princess Cruises,Golden Princess,12/12/2004-12/19/2004,2004-12-19,norovirus,84,2742,3.06,15,1100,1.36,pre,full,https://archive.cdc.gov/www_cdc_gov/nceh/vsp/surv/outbreak/archived-outbreaks-1993-2018.html,2026-08-30
2004,SilverSea Cruise Line,Silver Shadow,12/4/2004-12/14/2004,2004-12-14,specimens not obtained,11,275,4.0,20,291,6.87,pre,full,https://archive.cdc.gov/www_cdc_gov/nceh/vsp/surv/outbreak/archived-outbreaks-1993-2018.html,2026-08-30
2004,Norwegian Cruise Line,Norwegian Dream,12/5/2004-12/12/2004,2004-12-12,norovirus,73,1749,4.17,9,744,1.21,pre,full,https://archive.cdc.gov/www_cdc_gov/nceh/vsp/surv/outbreak/archived-outbreaks-1993-2018.html,2026-08-30
2004,Institute for Shipboard Education,M/V Explorer,6/19/2004-12/8/2004,2004-12-08,unknown,71,758,9.37,1,195,0.51,pre,full,https://archive.cdc.gov/www_cdc_gov/nceh/vsp/surv/outbreak/archived-outbreaks-1993-2018.html,2026-08-30
2004,Holland America Line,Veendam,9/26/2004-10/14/2004,2004-10-14,unknown,39,1230,3.17,2,557,0.36,pre,full,https://archive.cdc.gov/www_cdc_gov/nceh/vsp/surv/outbreak/archived-outbreaks-1993-2018.html,2026-08-30
2004,Princess Cruises,Regal Princess,9/11/2004-9/20/2004,2004-09-20,unknown,47,1537,3.06,7,680,1.03,pre,full,https://archive.cdc.gov/www_cdc_gov/nceh/vsp/surv/outbreak/archived-outbreaks-1993-2018.html,2026-08-30
2004,Princess Cruises,Sun Princess,9/13/2004-9/20/2004,2004-09-20,unknown,101,2031,4.97,14,875,1.60,pre,full,https://archive.cdc.gov/www_cdc_gov/nceh/vsp/surv/outbreak/archived-outbreaks-1993-2018.html,2026-08-30
2004,Princess Cruises,Sun Princess,9/6/2004-9/13/2004,2004-09-13,norovirus,145,1998,7.26,5,855,0.58,pre,full,https://archive.cdc.gov/www_cdc_gov/nceh/vsp/surv/outbreak/archived-outbreaks-1993-2018.html,2026-08-30
2004,Princess Cruises,Pacific Princess,7/25/2004-8/17/2004,2004-08-17,unknown,57,618,9.22,10,384,2.60,pre,full,https://archive.cdc.gov/www_cdc_gov/nceh/vsp/surv/outbreak/archived-outbreaks-1993-2018.html,2026-08-30
2004,Clipper Cruise Line,Nantucket Clipper,9/3/2004-8/11/2004,2004-08-11,specimens not obtained,,,,,,,pre,unparsed,https://archive.cdc.gov/www_cdc_gov/nceh/vsp/surv/outbreak/archived-outbreaks-1993-2018.html,2026-08-30
2004,SilverSeas Cruise Line,Silver Shadow,7/26/2004-8/6/2004,2004-08-06,unknown,13,371,3.50,5,289,1.73,pre,full,https://archive.cdc.gov/www_cdc_gov/nceh/vsp/surv/outbreak/archived-outbreaks-1993-2018.html,2026-08-30
2004,Royal Caribbean Cruise Line,Serenade of the Seas,6/6/2004-6/13/2004,2004-06-13,unknown,71,2273,3.12,9,857,1.05,pre,full,https://archive.cdc.gov/www_cdc_gov/nceh/vsp/surv/outbreak/archived-outbreaks-1993-2018.html,2026-08-30
2004,Princess Cruises,Island Princess,6/5/2004-6/12/2004,2004-06-12,unknown,66,2036,3.24,18,930,1.94,pre,full,https://archive.cdc.gov/www_cdc_gov/nceh/vsp/surv/outbreak/archived-outbreaks-1993-2018.html,2026-08-30
2004,Princess Cruises,Island Princess,5/29/2004-6/5/2004,2004-06-05,norovirus,375,2018,18.58,50,896,5.58,pre,full,https://archive.cdc.gov/www_cdc_gov/nceh/vsp/surv/outbreak/archived-outbreaks-1993-2018.html,2026-08-30
2004,Norwegian Cruise Line,Norwegian Crown,5/2/2004-5/9/2004,2004-05-09,norovirus,39,1070,3.64,6,541,1.11,pre,full,https://archive.cdc.gov/www_cdc_gov/nceh/vsp/surv/outbreak/archived-outbreaks-1993-2018.html,2026-08-30
2004,Norwegian Cruise Line,Norwegian Crown,4/17/2004-5/2/2004,2004-05-02,norovirus,43,1109,3.88,2,536,0.37,pre,full,https://archive.cdc.gov/www_cdc_gov/nceh/vsp/surv/outbreak/archived-outbreaks-1993-2018.html,2026-08-30
2004,Holland America Line,Veendam,4/17/2004-5/2/2004,2004-05-02,norovirus,91,1238,7.35,7,557,1.26,pre,full,https://archive.cdc.gov/www_cdc_gov/nceh/vsp/surv/outbreak/archived-outbreaks-1993-2018.html,2026-08-30
2004,Norwegian Cruise Line,Norwegian Wind,4/17/2004-5/2/2004,2004-05-02,specimens not obtained,54,1681,3.21,2,731,0.27,pre,full,https://archive.cdc.gov/www_cdc_gov/nceh/vsp/surv/outbreak/archived-outbreaks-1993-2018.html,2026-08-30
2004,Holland America Line,Amsterdam,3/31/2004-4/17/2004,2004-04-17,enterotoxigenic e. coli (etec),75,1130,6.64,11,585,1.88,pre,full,https://archive.cdc.gov/www_cdc_gov/nceh/vsp/surv/outbreak/archived-outbreaks-1993-2018.html,2026-08-30
2004,Holland America Line,Rotterdam,4/2/2004-4/15/2004,2004-04-15,unknown,38,1262,3.01,7,560,1.25,pre,full,https://archive.cdc.gov/www_cdc_gov/nceh/vsp/surv/outbreak/archived-outbreaks-1993-2018.html,2026-08-30
2004,Celebrity Cruises,Zenith,3/28/2004-4/11/2004,2004-04-11,norovirus,59,1338,4.41,7,668,1.05,pre,full,https://archive.cdc.gov/www_cdc_gov/nceh/vsp/surv/outbreak/archived-outbreaks-1993-2018.html,2026-08-30
2004,Norwegian Cruise Line,Norwegian Crown,3/22/2004-4/4/2004,2004-04-04,norovirus,45,1018,4.38,8,546,1.47,pre,full,https://archive.cdc.gov/www_cdc_gov/nceh/vsp/surv/outbreak/archived-outbreaks-1993-2018.html,2026-08-30
2004,Celebrity Cruises,Horizon,3/22/2004-4/2/2004,2004-04-02,norovirus,49,1250,3.92,5,679,0.74,pre,full,https://archive.cdc.gov/www_cdc_gov/nceh/vsp/surv/outbreak/archived-outbreaks-1993-2018.html,2026-08-30
2004,Princess Cruises,Royal Princess,3/8/2004-3/25/2004,2004-03-25,"unknown, negative for norovirus",46,1129,4.07,12,539,2.23,pre,full,https://archive.cdc.gov/www_cdc_gov/nceh/vsp/surv/outbreak/archived-outbreaks-1993-2018.html,2026-08-30
2004,Norwegian Cruise Line,Norwegian Crown,3/7/2004-3/22/2004,2004-03-22,"unknown, negative for norovirus",77,984,7.82,10,541,1.85,pre,full,https://archive.cdc.gov/www_cdc_gov/nceh/vsp/surv/outbreak/archived-outbreaks-1993-2018.html,2026-08-30
2004,Cunard Line,Queen Mary 2,2/23/2004-3/6/2004,2004-03-06,norovirus,33,2241,1.35,55,1352,4.07,pre,full,https://archive.cdc.gov/www_cdc_gov/nceh/vsp/surv/outbreak/archived-outbreaks-1993-2018.html,2026-08-30
2004,P & O Cruises,Oriana,2/20/2004-3/5/2004,2004-03-05,norovirus,65,1793,3.63,9,783,1.15,pre,full,https://archive.cdc.gov/www_cdc_gov/nceh/vsp/surv/outbreak/archived-outbreaks-1993-2018.html,2026-08-30
2004,Cunard Line,Queen Elizabeth 2,2/17/2004-3/1/2004,2004-03-01,unknown,82,1521,5.39,24,991,2.42,pre,full,https://archive.cdc.gov/www_cdc_gov/nceh/vsp/surv/outbreak/archived-outbreaks-1993-2018.html,2026-08-30
2004,Royal Caribbean Cruise Line,Brilliance of the Seas,2/16/2004-2/27/2004,2004-02-27,norovirus,78,2187,3.57,16,842,1.9,pre,full,https://archive.cdc.gov/www_cdc_gov/nceh/vsp/surv/outbreak/archived-outbreaks-1993-2018.html,2026-08-30
2004,ResidenSea Cruise Line,The World,2/3/2004-2/24/2004,2004-02-24,specimens not obtained,0,68,0.0,8,254,3.14,pre,full,https://archive.cdc.gov/www_cdc_gov/nceh/vsp/surv/outbreak/archived-outbreaks-1993-2018.html,2026-08-30
2004,Carnival Cruise Line,Carnival Celebration,2/9/2004-2/14/2004,2004-02-14,norovirus,297,1576,18.84,19,689,2.75,pre,full,https://archive.cdc.gov/www_cdc_gov/nceh/vsp/surv/outbreak/archived-outbreaks-1993-2018.html,2026-08-30
2004,Holland America Line,Ryndam,2/7/2004-2/14/2004,2004-02-14,norovirus,73,1260,5.8,9,550,1.64,pre,full,https://archive.cdc.gov/www_cdc_gov/nceh/vsp/surv/outbreak/archived-outbreaks-1993-2018.html,2026-08-30
2004,Princess Cruises,Coral Princess,1/12/2004-1/22/2004,2004-01-22,norovirus,133,2095,6.35,18,912,1.97,pre,full,https://archive.cdc.gov/www_cdc_gov/nceh/vsp/surv/outbreak/archived-outbreaks-1993-2018.html,2026-08-30
2004,Cunard Line,Queen Elizabeth 2,1/5/2004-1/19/2004,2004-01-19,specimens not obtained,29,1563,1.86,46,1008,4.56,pre,full,https://archive.cdc.gov/www_cdc_gov/nceh/vsp/surv/outbreak/archived-outbreaks-1993-2018.html,2026-08-30
2004,Windjammer Barefoot Cruises,Legacy,1/4/2004-1/10/2004,2004-01-10,specimens not obtained,,,,2,46,4.65,pre,crew_only,https://archive.cdc.gov/www_cdc_gov/nceh/vsp/surv/outbreak/archived-outbreaks-1993-2018.html,2026-08-30
2003,Windjammer Barefoot Cruises,Legacy,12/27/2003-1/3/2004,2004-01-03,specimens not obtained,,,,,,,pre,data_not_available,https://archive.cdc.gov/www_cdc_gov/nceh/vsp/surv/outbreak/archived-outbreaks-1993-2018.html,2026-08-30
2003,Holland America Line,Volendam,12/21/2003-12/28/2003,2003-12-28,norovirus,,,,,,,legacy_pre2004,data_not_available,https://archive.cdc.gov/www_cdc_gov/nceh/vsp/surv/outbreak/archived-outbreaks-1993-2018.html,2026-08-30
2003,Carnival Cruise Line,Carnival Legend,11/21/2003-11/29/2003,2003-11-29,norovirus,,,,,,,legacy_pre2004,data_not_available,https://archive.cdc.gov/www_cdc_gov/nceh/vsp/surv/outbreak/archived-outbreaks-1993-2018.html,2026-08-30
2003,Carnival Cruise Line,Carnival Legend,11/13/2003-11/21/2003,2003-11-21,norovirus,,,,,,,legacy_pre2004,data_not_available,https://archive.cdc.gov/www_cdc_gov/nceh/vsp/surv/outbreak/archived-outbreaks-1993-2018.html,2026-08-30
2003,Carnival Cruise Line,Carnival Holiday,10/16/2003-10/20/2003,2003-10-20,norovirus,,,,,,,legacy_pre2004,data_not_available,https://archive.cdc.gov/www_cdc_gov/nceh/vsp/surv/outbreak/archived-outbreaks-1993-2018.html,2026-08-30
2003,Carnival Cruise Line,Carnival Holiday,10/11/2003-10/16/2003,2003-10-16,norovirus,,,,,,,legacy_pre2004,data_not_available,https://archive.cdc.gov/www_cdc_gov/nceh/vsp/surv/outbreak/archived-outbreaks-1993-2018.html,2026-08-30
2003,Clipper Cruise Line,Nantucket Clipper,10/4/2003-10/11/2003,2003-10-11,specimens not obtained,,,,,,,legacy_pre2004,data_not_available,https://archive.cdc.gov/www_cdc_gov/nceh/vsp/surv/outbreak/archived-outbreaks-1993-2018.html,2026-08-30
2003,Norwegian Cruise Line,Norwegian Star,9/21/2003-9/28/2003,2003-09-28,specimens not obtained,,,,,,,legacy_pre2004,data_not_available,https://archive.cdc.gov/www_cdc_gov/nceh/vsp/surv/outbreak/archived-outbreaks-1993-2018.html,2026-08-30
2003,Princess Cruises,Regal Princess,8/18/2003-9/2/2003,2003-09-02,norovirus,,,,,,,legacy_pre2004,data_not_available,https://archive.cdc.gov/www_cdc_gov/nceh/vsp/surv/outbreak/archived-outbreaks-1993-2018.html,2026-08-30
2003,Clipper Cruise Line,Clipper Odyssey,8/15/2003-8/26/2003,2003-08-26,specimens not obtained,,,,,,,legacy_pre2004,data_not_available,https://archive.cdc.gov/www_cdc_gov/nceh/vsp/surv/outbreak/archived-outbreaks-1993-2018.html,2026-08-30
2003,Princess Cruises,Star Princess,8/2/2003-8/9/2003,2003-08-09,norovirus,,,,,,,legacy_pre2004,data_not_available,https://archive.cdc.gov/www_cdc_gov/nceh/vsp/surv/outbreak/archived-outbreaks-1993-2018.html,2026-08-30
2003,Princess Cruises,Star Princess,7/26/2003-8/2/2003,2003-08-02,norovirus,,,,,,,legacy_pre2004,data_not_available,https://archive.cdc.gov/www_cdc_gov/nceh/vsp/surv/outbreak/archived-outbreaks-1993-2018.html,2026-08-30
2003,Royal Caribbean Cruise Line,Rhapsody of the Seas,7/20/2003-7/27/2003,2003-07-27,specimens not obtained,,,,,,,legacy_pre2004,data_not_available,https://archive.cdc.gov/www_cdc_gov/nceh/vsp/surv/outbreak/archived-outbreaks-1993-2018.html,2026-08-30
2003,Norwegian Cruise Line,Norwegian Sky,5/17/2003-5/24/2003,2003-05-24,norovirus,,,,,,,legacy_pre2004,data_not_available,https://archive.cdc.gov/www_cdc_gov/nceh/vsp/surv/outbreak/archived-outbreaks-1993-2018.html,2026-08-30
2003,Princess Cruises,Royal Princess,4/5/2003-4/22/2003,2003-04-22,specimens not obtained,,,,,,,legacy_pre2004,data_not_available,https://archive.cdc.gov/www_cdc_gov/nceh/vsp/surv/outbreak/archived-outbreaks-1993-2018.html,2026-08-30
2003,Norwegian Cruise Line,Norwegian Dream,3/16/2003-3/31/2003,2003-03-31,norovirus,,,,,,,legacy_pre2004,data_not_available,https://archive.cdc.gov/www_cdc_gov/nceh/vsp/surv/outbreak/archived-outbreaks-1993-2018.html,2026-08-30
2003,Clipper Cruise Line,Nantucket Clipper,3/1/2003-3/6/2003,2003-03-06,specimens not obtained,,,,,,,legacy_pre2004,data_not_available,https://archive.cdc.gov/www_cdc_gov/nceh/vsp/surv/outbreak/archived-outbreaks-1993-2018.html,2026-08-30
2003,Sun Cruises,Sun Dream,2/17/2003-2/24/2003,2003-02-24,norovirus,,,,,,,legacy_pre2004,data_not_available,https://archive.cdc.gov/www_cdc_gov/nceh/vsp/surv/outbreak/archived-outbreaks-1993-2018.html,2026-08-30
2003,Princess Cruises,Sun Princess,1/25/2003-2/9/2003,2003-02-09,norovirus,,,,,,,legacy_pre2004,data_not_available,https://archive.cdc.gov/www_cdc_gov/nceh/vsp/surv/outbreak/archived-outbreaks-1993-2018.html,2026-08-30
2003,Carnival Cruise Line,Carnival Spirit,1/27/2003-2/4/2003,2003-02-04,norovirus,,,,,,,legacy_pre2004,data_not_available,https://archive.cdc.gov/www_cdc_gov/nceh/vsp/surv/outbreak/archived-outbreaks-1993-2018.html,2026-08-30
2003,Sun Cruises,Sun Dream,1/20/2003-2/3/2003,2003-02-03,norovirus,,,,,,,legacy_pre2004,data_not_available,https://archive.cdc.gov/www_cdc_gov/nceh/vsp/surv/outbreak/archived-outbreaks-1993-2018.html,2026-08-30
2003,Royal Olympic Cruises,Olympia Voyager,1/15/2003-2/3/2003,2003-02-03,unknown,,,,,,,legacy_pre2004,data_not_available,https://archive.cdc.gov/www_cdc_gov/nceh/vsp/surv/outbreak/archived-outbreaks-1993-2018.html,2026-08-30
2003,Regal Cruise Line,Regal Empress,1/11/2003-1/18/2003,2003-01-18,unknown,,,,,,,legacy_pre2004,data_not_available,https://archive.cdc.gov/www_cdc_gov/nceh/vsp/surv/outbreak/archived-outbreaks-1993-2018.html,2026-08-30
2003,Classic Cruises of Newport,Arabella,1/11/2003-1/18/2003,2003-01-18,specimens not obtained,,,,,,,legacy_pre2004,data_not_available,https://archive.cdc.gov/www_cdc_gov/nceh/vsp/surv/outbreak/archived-outbreaks-1993-2018.html,2026-08-30
2003,Cunard Line,Queen Elizabeth 2,1/5/2003-1/18/2003,2003-01-18,norovirus,,,,,,,legacy_pre2004,data_not_available,https://archive.cdc.gov/www_cdc_gov/nceh/vsp/surv/outbreak/archived-outbreaks-1993-2018.html,2026-08-30
2002,Clipper Cruise Line,Nantucket Clipper,12/28/2002-1/4/2003,2003-01-04,specimens not obtained,,,,,,,legacy_pre2004,data_not_available,https://archive.cdc.gov/www_cdc_gov/nceh/vsp/surv/outbreak/archived-outbreaks-1993-2018.html,2026-08-30
2002,Norwegian Cruise Line,Norway,12/28/2002-1/4/2003,2003-01-04,specimens not obtained,,,,,,,legacy_pre2004,data_not_available,https://archive.cdc.gov/www_cdc_gov/nceh/vsp/surv/outbreak/archived-outbreaks-1993-2018.html,2026-08-30
2002,Carnival Cruise Line,Carnival Conquest,12/8/2002-12/15/2002,2002-12-15,norovirus,,,,,,,legacy_pre2004,data_not_available,https://archive.cdc.gov/www_cdc_gov/nceh/vsp/surv/outbreak/archived-outbreaks-1993-2018.html,2026-08-30
2002,P & O Cruises,Oceana,11/29/2002-12/12/2002,2002-12-12,norovirus,,,,,,,legacy_pre2004,data_not_available,https://archive.cdc.gov/www_cdc_gov/nceh/vsp/surv/outbreak/archived-outbreaks-1993-2018.html,2026-08-30
2002,Radisson Seven Seas Cruises,Seven Seas Mariner,11/23/2002-12/2/2002,2002-12-02,salmonella,,,,,,,legacy_pre2004,data_not_available,https://archive.cdc.gov/www_cdc_gov/nceh/vsp/surv/outbreak/archived-outbreaks-1993-2018.html,2026-08-30
2002,Carnival Cruises,Fascination,11/30/2002-12/2/2002,2002-12-02,norovirus,,,,,,,legacy_pre2004,data_not_available,https://archive.cdc.gov/www_cdc_gov/nceh/vsp/surv/outbreak/archived-outbreaks-1993-2018.html,2026-08-30
2002,Disney Cruise Line,Disney Magic,11/11/2002-11/21/2002,2002-11-21,norovirus,,,,,,,legacy_pre2004,data_not_available,https://archive.cdc.gov/www_cdc_gov/nceh/vsp/surv/outbreak/archived-outbreaks-1993-2018.html,2026-08-30
2002,Holland America Line,Amsterdam,11/11/2002-11/21/2002,2002-11-21,norovirus,,,,,,,legacy_pre2004,data_not_available,https://archive.cdc.gov/www_cdc_gov/nceh/vsp/surv/outbreak/archived-outbreaks-1993-2018.html,2026-08-30
2002,Seabourn Cruise Line,Seabourn Pride,10/28/2002-11/10/2002,2002-11-10,specimens not obtained,,,,,,,legacy_pre2004,data_not_available,https://archive.cdc.gov/www_cdc_gov/nceh/vsp/surv/outbreak/archived-outbreaks-1993-2018.html,2026-08-30
2002,Celebrity Cruises,Constellation,10/25/2002-11/8/2002,2002-11-08,norovirus,,,,,,,legacy_pre2004,data_not_available,https://archive.cdc.gov/www_cdc_gov/nceh/vsp/surv/outbreak/archived-outbreaks-1993-2018.html,2026-08-30
2002,Clipper Cruises,Nantucket Clipper,10/19/2002-10/29/2002,2002-10-29,sappovirus,,,,,,,legacy_pre2004,data_not_available,https://archive.cdc.gov/www_cdc_gov/nceh/vsp/surv/outbreak/archived-outbreaks-1993-2018.html,2026-08-30
2002,Holland America Line,Amsterdam,10/1/2002-10/22/2002,2002-10-22,norovirus,,,,,,,legacy_pre2004,data_not_available,https://archive.cdc.gov/www_cdc_gov/nceh/vsp/surv/outbreak/archived-outbreaks-1993-2018.html,2026-08-30
2002,Norwegian Cruise Line,Norwegian Sun,9/28/2002-10/5/2002,2002-10-05,norovirus,,,,,,,legacy_pre2004,data_not_available,https://archive.cdc.gov/www_cdc_gov/nceh/vsp/surv/outbreak/archived-outbreaks-1993-2018.html,2026-08-30
2002,Norwegian Cruise Line,Norwegian Dream,9/10/2002-9/25/2002,2002-09-25,"shigella, giardia",,,,,,,legacy_pre2004,data_not_available,https://archive.cdc.gov/www_cdc_gov/nceh/vsp/surv/outbreak/archived-outbreaks-1993-2018.html,2026-08-30
2002,Norwegian Cruise Line,Norwegian Sun,8/3/2002-8/10/2002,2002-08-10,specimens not obtained,,,,,,,legacy_pre2004,data_not_available,https://archive.cdc.gov/www_cdc_gov/nceh/vsp/surv/outbreak/archived-outbreaks-1993-2018.html,2026-08-30
2002,Clipper Cruise Line,Yorktown Clipper,7/27/2002-8/3/2002,2002-08-03,specimens not obtained,,,,,,,legacy_pre2004,data_not_available,https://archive.cdc.gov/www_cdc_gov/nceh/vsp/surv/outbreak/archived-outbreaks-1993-2018.html,2026-08-30
2002,Holland America Line,Ryndam,7/25/2002-8/1/2002,2002-08-01,norovirus,,,,,,,legacy_pre2004,data_not_available,https://archive.cdc.gov/www_cdc_gov/nceh/vsp/surv/outbreak/archived-outbreaks-1993-2018.html,2026-08-30
2002,Princess Cruises,Ocean Princess,5/25/2002-6/1/2002,2002-06-01,norovirus,,,,,,,legacy_pre2004,data_not_available,https://archive.cdc.gov/www_cdc_gov/nceh/vsp/surv/outbreak/archived-outbreaks-1993-2018.html,2026-08-30
2002,Holland America Line,Amsterdam,1/4/2002-4/28/2002,2002-04-28,specimens not obtained,,,,,,,legacy_pre2004,data_not_available,https://archive.cdc.gov/www_cdc_gov/nceh/vsp/surv/outbreak/archived-outbreaks-1993-2018.html,2026-08-30
2002,Holland America Line,Ryndam,4/7/2002-4/24/2002,2002-04-24,norovirus,,,,,,,legacy_pre2004,data_not_available,https://archive.cdc.gov/www_cdc_gov/nceh/vsp/surv/outbreak/archived-outbreaks-1993-2018.html,2026-08-30
2002,Cunard Line,Caronia,3/24/2002-4/5/2002,2002-04-05,enterotoxigenic e. coli (etec) / shigella,,,,,,,legacy_pre2004,data_not_available,https://archive.cdc.gov/www_cdc_gov/nceh/vsp/surv/outbreak/archived-outbreaks-1993-2018.html,2026-08-30
2002,Clipper Cruise Line,Nantucket Clipper,3/23/2002-3/30/2002,2002-03-30,norovirus,,,,,,,legacy_pre2004,data_not_available,https://archive.cdc.gov/www_cdc_gov/nceh/vsp/surv/outbreak/archived-outbreaks-1993-2018.html,2026-08-30
2001,Cunard Line,Coronia,3/11/2001-3/29/2001,2001-03-29,norovirus,,,,,,,legacy_pre2004,data_not_available,https://archive.cdc.gov/www_cdc_gov/nceh/vsp/surv/outbreak/archived-outbreaks-1993-2018.html,2026-08-30
2001,P & O Cruises,Oriana,2/20/2001-3/14/2001,2001-03-14,specimens not obtained,,,,,,,legacy_pre2004,data_not_available,https://archive.cdc.gov/www_cdc_gov/nceh/vsp/surv/outbreak/archived-outbreaks-1993-2018.html,2026-08-30
2000,Disney Cruise Line,Disney Magic,6/2/2000-6/5/2000,2000-06-05,salmonella,,,,,,,legacy_pre2004,data_not_available,https://archive.cdc.gov/www_cdc_gov/nceh/vsp/surv/outbreak/archived-outbreaks-1993-2018.html,2026-08-30
2000,Cruise West,Spirit of Glacier Bay,5/28/2000-6/1/2000,2000-06-01,norovirus,,,,,,,legacy_pre2004,data_not_available,https://archive.cdc.gov/www_cdc_gov/nceh/vsp/surv/outbreak/archived-outbreaks-1993-2018.html,2026-08-30
2000,Palm Beach Casino Line,Palm Beach Princess,5/18/2000-6/1/2000,2000-06-01,specimens not obtained,,,,,,,legacy_pre2004,data_not_available,https://archive.cdc.gov/www_cdc_gov/nceh/vsp/surv/outbreak/archived-outbreaks-1993-2018.html,2026-08-30
2000,Clipper Cruise Line,Nantucket Clipper,2/5/2000-2/12/2000,2000-02-12,norovirus,,,,,,,legacy_pre2004,data_not_available,https://archive.cdc.gov/www_cdc_gov/nceh/vsp/surv/outbreak/archived-outbreaks-1993-2018.html,2026-08-30
2000,Clipper Cruise Line,Nantucket Clipper,1/22/2000-1/29/2000,2000-01-29,norovirus,,,,,,,legacy_pre2004,data_not_available,https://archive.cdc.gov/www_cdc_gov/nceh/vsp/surv/outbreak/archived-outbreaks-1993-2018.html,2026-08-30
2000,Clipper Cruise Line,Nantucket Clipper,1/15/2000-1/22/2000,2000-01-22,norovirus,,,,,,,legacy_pre2004,data_not_available,https://archive.cdc.gov/www_cdc_gov/nceh/vsp/surv/outbreak/archived-outbreaks-1993-2018.html,2026-08-30
1999,Clipper Cruise Line,Nantucket Clipper,1/30/1999-2/6/1999,1999-02-06,norovirus,,,,,,,legacy_pre2004,data_not_available,https://archive.cdc.gov/www_cdc_gov/nceh/vsp/surv/outbreak/archived-outbreaks-1993-2018.html,2026-08-30
1999,Clipper Cruise Line,Nantucket Clipper,1/23/1999-1/30/1999,1999-01-30,norovirus,,,,,,,legacy_pre2004,data_not_available,https://archive.cdc.gov/www_cdc_gov/nceh/vsp/surv/outbreak/archived-outbreaks-1993-2018.html,2026-08-30
1999,Clipper Cruise Line,Nantucket Clipper,1/16/1999-1/23/1999,1999-01-23,norovirus,,,,,,,legacy_pre2004,data_not_available,https://archive.cdc.gov/www_cdc_gov/nceh/vsp/surv/outbreak/archived-outbreaks-1993-2018.html,2026-08-30
1999,Clipper Cruise Line,Nantucket Clipper,1/9/1999-1/16/1999,1999-01-16,norovirus,,,,,,,legacy_pre2004,data_not_available,https://archive.cdc.gov/www_cdc_gov/nceh/vsp/surv/outbreak/archived-outbreaks-1993-2018.html,2026-08-30
1998,Clipper Cruise Line,Nantucket Clipper,1/2/1998-1/9/1999,1999-01-09,norovirus,,,,,,,legacy_pre2004,data_not_available,https://archive.cdc.gov/www_cdc_gov/nceh/vsp/surv/outbreak/archived-outbreaks-1993-2018.html,2026-08-30
1998,Royal Caribbean Cruise Line,Vision of the Seas,11/28/1998-12/7/1998,1998-12-07,specimens not obtained,,,,,,,legacy_pre2004,data_not_available,https://archive.cdc.gov/www_cdc_gov/nceh/vsp/surv/outbreak/archived-outbreaks-1993-2018.html,2026-08-30
1998,Norwegian Cruise Line,Norway,10/10/1998-10/24/1998,1998-10-24,norovirus,,,,,,,legacy_pre2004,data_not_available,https://archive.cdc.gov/www_cdc_gov/nceh/vsp/surv/outbreak/archived-outbreaks-1993-2018.html,2026-08-30
1998,Princess Cruises,Regal Princess,6/21/1998-6/28/1998,1998-06-28,norovirus,,,,,,,legacy_pre2004,data_not_available,https://archive.cdc.gov/www_cdc_gov/nceh/vsp/surv/outbreak/archived-outbreaks-1993-2018.html,2026-08-30
1998,Princess Cruises,Regal Princess,6/14/1998-6/21/1998,1998-06-21,norovirus,,,,,,,legacy_pre2004,data_not_available,https://archive.cdc.gov/www_cdc_gov/nceh/vsp/surv/outbreak/archived-outbreaks-1993-2018.html,2026-08-30
1998,Princess Cruises,Regal Princess,6/7/1998-6/14/1998,1998-06-14,norovirus,,,,,,,legacy_pre2004,data_not_available,https://archive.cdc.gov/www_cdc_gov/nceh/vsp/surv/outbreak/archived-outbreaks-1993-2018.html,2026-08-30
1998,Imperial Majesty Cruises (investigation at request of cruise line outside the U.S.),Ocean Breeze,5/17/1998-5/24/1998,1998-05-24,enterotoxigenic e. coli (etec),,,,,,,legacy_pre2004,data_not_available,https://archive.cdc.gov/www_cdc_gov/nceh/vsp/surv/outbreak/archived-outbreaks-1993-2018.html,2026-08-30
1998,Holland America Line,Statendam,3/29/1998-4/8/1998,1998-04-08,specimens not obtained,,,,,,,legacy_pre2004,data_not_available,https://archive.cdc.gov/www_cdc_gov/nceh/vsp/surv/outbreak/archived-outbreaks-1993-2018.html,2026-08-30
1998,Royal Caribbean Cruise Line,Legend of the Seas,2/28/1998-3/11/1998,1998-03-11,norovirus,,,,,,,legacy_pre2004,data_not_available,https://archive.cdc.gov/www_cdc_gov/nceh/vsp/surv/outbreak/archived-outbreaks-1993-2018.html,2026-08-30
1997,Regal Cruises,Regal Empress,12/17/1997-12/21/1997,1997-12-21,enterotoxigenic e. coli (etec),,,,,,,legacy_pre2004,data_not_available,https://archive.cdc.gov/www_cdc_gov/nceh/vsp/surv/outbreak/archived-outbreaks-1993-2018.html,2026-08-30
1997,Celebrity Cruises,Zenith,12/5/1997-12/15/1997,1997-12-15,specimens not obtained,,,,,,,legacy_pre2004,data_not_available,https://archive.cdc.gov/www_cdc_gov/nceh/vsp/surv/outbreak/archived-outbreaks-1993-2018.html,2026-08-30
1997,Clipper Cruise Line,Nantucket Clipper,10/23/1997-10/30/1997,1997-10-30,norovirus,,,,,,,legacy_pre2004,data_not_available,https://archive.cdc.gov/www_cdc_gov/nceh/vsp/surv/outbreak/archived-outbreaks-1993-2018.html,2026-08-30
1997,Princess Cruises,Royal Princess,4/15/1997-4/19/1997,1997-04-19,enterotoxigenic e. coli (etec),,,,,,,legacy_pre2004,data_not_available,https://archive.cdc.gov/www_cdc_gov/nceh/vsp/surv/outbreak/archived-outbreaks-1993-2018.html,2026-08-30
1997,Holland America Line,Noordam,3/29/1997-4/5/1997,1997-04-05,cyclospora,,,,,,,legacy_pre2004,data_not_available,https://archive.cdc.gov/www_cdc_gov/nceh/vsp/surv/outbreak/archived-outbreaks-1993-2018.html,2026-08-30
1997,Royal Cruise Line,Royal Odyssey,3/25/1997-4/4/1997 (no sail recommendation),1997-04-04,norovirus,,,,,,,legacy_pre2004,data_not_available,https://archive.cdc.gov/www_cdc_gov/nceh/vsp/surv/outbreak/archived-outbreaks-1993-2018.html,2026-08-30
1997,Royal Cruise Line,Royal Odyssey,3/4/1997-3/14/1997,1997-03-14,norovirus,,,,,,,legacy_pre2004,data_not_available,https://archive.cdc.gov/www_cdc_gov/nceh/vsp/surv/outbreak/archived-outbreaks-1993-2018.html,2026-08-30
1997,Princess Cruises,Regal Princess,2/13/1997-2/28/1997,1997-02-28,specimens not obtained,,,,,,,legacy_pre2004,data_not_available,https://archive.cdc.gov/www_cdc_gov/nceh/vsp/surv/outbreak/archived-outbreaks-1993-2018.html,2026-08-30
1997,Clipper Cruise Line,Nantucket Clipper,2/8/1997-2/15/1997,1997-02-15,norovirus,,,,,,,legacy_pre2004,data_not_available,https://archive.cdc.gov/www_cdc_gov/nceh/vsp/surv/outbreak/archived-outbreaks-1993-2018.html,2026-08-30
1996,Carnival Cruise Line,Jubilee,6/16/1996-6/23/1996,1996-06-23,norovirus,,,,,,,legacy_pre2004,data_not_available,https://archive.cdc.gov/www_cdc_gov/nceh/vsp/surv/outbreak/archived-outbreaks-1993-2018.html,2026-08-30
1996,Holland America Line,Noordam,4/27/1996-5/11/1996,1996-05-11,norovirus,,,,,,,legacy_pre2004,data_not_available,https://archive.cdc.gov/www_cdc_gov/nceh/vsp/surv/outbreak/archived-outbreaks-1993-2018.html,2026-08-30
1996,Princess Cruises,Royal Princess,3/15/1996-3/26/1996,1996-03-26,enterotoxigenic e. coli (etec),,,,,,,legacy_pre2004,data_not_available,https://archive.cdc.gov/www_cdc_gov/nceh/vsp/surv/outbreak/archived-outbreaks-1993-2018.html,2026-08-30
1995,Celebrity Cruises,Horizon,7/15/1995-7/22/1995,1995-07-22,salmonella,,,,,,,legacy_pre2004,data_not_available,https://archive.cdc.gov/www_cdc_gov/nceh/vsp/surv/outbreak/archived-outbreaks-1993-2018.html,2026-08-30
1995,Carnival Cruise Line,Fantasy,4/30/1995-5/4/1995,1995-05-04,shigella sonnei,,,,,,,legacy_pre2004,data_not_available,https://archive.cdc.gov/www_cdc_gov/nceh/vsp/surv/outbreak/archived-outbreaks-1993-2018.html,2026-08-30
1995,Orient Line,Crown Odyssey,1/12/1995-1/26/1995,1995-01-26,enterotoxigenic e. coli (etec),,,,,,,legacy_pre2004,data_not_available,https://archive.cdc.gov/www_cdc_gov/nceh/vsp/surv/outbreak/archived-outbreaks-1993-2018.html,2026-08-30
1994,Royal Caribbean Cruise Line,Viking Serenade,8/29/1994-9/1/1994,1994-09-01,shigella flexneri,,,,,,,legacy_pre2004,data_not_available,https://archive.cdc.gov/www_cdc_gov/nceh/vsp/surv/outbreak/archived-outbreaks-1993-2018.html,2026-08-30
1994,Celebrity Cruises,Horizon,6/26/1994-7/2/1994,1994-07-02,legionella,,,,,,,legacy_pre2004,data_not_available,https://archive.cdc.gov/www_cdc_gov/nceh/vsp/surv/outbreak/archived-outbreaks-1993-2018.html,2026-08-30
1994,Premier Cruise Line,StarShip Oceanic,6/13/1994-6/17/1994,1994-06-17,norovirus,,,,,,,legacy_pre2004,data_not_available,https://archive.cdc.gov/www_cdc_gov/nceh/vsp/surv/outbreak/archived-outbreaks-1993-2018.html,2026-08-30
1994,Regency Cruises,Regent Rainbow,3/18/1994-4/1/1994,1994-04-01,viral gastroenteritis,,,,,,,legacy_pre2004,data_not_available,https://archive.cdc.gov/www_cdc_gov/nceh/vsp/surv/outbreak/archived-outbreaks-1993-2018.html,2026-08-30
1993,American Family,American Adventure,12/26/1993-2/2/1994,1994-02-02,shigella flexneri,,,,,,,legacy_pre2004,data_not_available,https://archive.cdc.gov/www_cdc_gov/nceh/vsp/surv/outbreak/archived-outbreaks-1993-2018.html,2026-08-30
2002,Carnival Cruise Line,Carnival Pride,March 2002,,norovirus,,,,,,,,data_not_available,https://archive.cdc.gov/www_cdc_gov/nceh/vsp/surv/outbreak/archived-outbreaks-1993-2018.html,2026-08-30
2001,Clipper Cruise Line,Nantucket Clipper,September 2001,,norovirus,,,,,,,,data_not_available,https://archive.cdc.gov/www_cdc_gov/nceh/vsp/surv/outbreak/archived-outbreaks-1993-2018.html,2026-08-30
2001,Delta Queen Steamboat Company,Mississippi,August 2001,,norovirus,,,,,,,,data_not_available,https://archive.cdc.gov/www_cdc_gov/nceh/vsp/surv/outbreak/archived-outbreaks-1993-2018.html,2026-08-30
