theta,arm_id,seed,infections_total,attack_rate,recorded_onsets,onsets_before_split_day,infections_before_quarantine,infections_during_quarantine,infections_after_quarantine,confined_passenger_infections_during_quarantine,confined_at_activation,ledger_events_during,during_role_passenger,during_role_crew,during_zone_cabin,during_zone_crew_mess,during_zone_galley,during_zone_corridor,during_zone_other,during_route_direct_contact,during_route_droplet,during_route_hvac_airborne,during_route_fomite
100000.0,A0_declared,20200205,950,0.2559956884936675,810,271,745,198,7,119,2739,198,119,79,161,36,0,0,1,0,195,3,0
100000.0,A1_crew_confined,20200205,906,0.24413904607922393,778,266,745,153,8,114,3711,153,114,39,153,0,0,0,0,0,153,0,0
100000.0,A2_pool_transport_off,20200205,1363,0.3672864457019671,1139,445,1004,332,27,128,2815,332,128,204,207,107,0,0,18,0,332,0,0
100000.0,A3_near_field_off,20200205,1155,0.3112368633791431,1050,393,944,207,4,147,2779,207,147,60,202,4,0,0,1,0,207,0,0
100000.0,A4_crew_confined_and_pool_off,20200205,1232,0.3319859876044193,1127,443,1004,228,0,132,3711,228,132,96,228,0,0,0,0,0,228,0,0
100000.0,A5_all_shared_air_off,20200205,0,0.0,0,0,0,0,0,0,2666,0,0,0,0,0,0,0,0,0,0,0,0
100000.0,A0_declared,20200206,1,0.00026946914578280785,1,1,1,0,0,0,2666,0,0,0,0,0,0,0,0,0,0,0,0
100000.0,A1_crew_confined,20200206,1,0.00026946914578280785,1,1,1,0,0,0,3711,0,0,0,0,0,0,0,0,0,0,0,0
100000.0,A2_pool_transport_off,20200206,1,0.00026946914578280785,1,1,1,0,0,0,2666,0,0,0,0,0,0,0,0,0,0,0,0
100000.0,A3_near_field_off,20200206,0,0.0,0,0,0,0,0,0,2666,0,0,0,0,0,0,0,0,0,0,0,0
100000.0,A4_crew_confined_and_pool_off,20200206,1,0.00026946914578280785,1,1,1,0,0,0,3711,0,0,0,0,0,0,0,0,0,0,0,0
100000.0,A5_all_shared_air_off,20200206,0,0.0,0,0,0,0,0,0,2666,0,0,0,0,0,0,0,0,0,0,0,0
100000.0,A0_declared,20200207,1,0.00026946914578280785,0,0,1,0,0,0,2666,0,0,0,0,0,0,0,0,0,0,0,0
100000.0,A1_crew_confined,20200207,1,0.00026946914578280785,0,0,1,0,0,0,3711,0,0,0,0,0,0,0,0,0,0,0,0
100000.0,A2_pool_transport_off,20200207,1,0.00026946914578280785,1,1,1,0,0,0,2666,0,0,0,0,0,0,0,0,0,0,0,0
100000.0,A3_near_field_off,20200207,1,0.00026946914578280785,1,1,1,0,0,0,2666,0,0,0,0,0,0,0,0,0,0,0,0
100000.0,A4_crew_confined_and_pool_off,20200207,1,0.00026946914578280785,1,1,1,0,0,0,3711,0,0,0,0,0,0,0,0,0,0,0,0
100000.0,A5_all_shared_air_off,20200207,0,0.0,0,0,0,0,0,0,2666,0,0,0,0,0,0,0,0,0,0,0,0
100000.0,A0_declared,20200208,396,0.10670978172999192,352,146,290,106,0,95,2738,106,95,11,104,2,0,0,0,0,106,0,0
100000.0,A1_crew_confined,20200208,399,0.10751818916734034,355,139,290,109,0,100,3711,109,100,9,109,0,0,0,0,0,109,0,0
100000.0,A2_pool_transport_off,20200208,579,0.15602263540824576,238,51,106,466,7,12,2714,466,12,454,24,361,6,0,75,0,466,0,0
100000.0,A3_near_field_off,20200208,820,0.22096469954190245,449,47,141,678,1,8,2699,678,8,670,34,547,1,0,96,0,678,0,0
100000.0,A4_crew_confined_and_pool_off,20200208,123,0.033144704931285365,101,51,106,17,0,11,3711,17,11,6,17,0,0,0,0,0,17,0,0
100000.0,A5_all_shared_air_off,20200208,0,0.0,0,0,0,0,0,0,2666,0,0,0,0,0,0,0,0,0,0,0,0
100000.0,A0_declared,20200209,1,0.00026946914578280785,0,0,1,0,0,0,2666,0,0,0,0,0,0,0,0,0,0,0,0
100000.0,A1_crew_confined,20200209,1,0.00026946914578280785,0,0,1,0,0,0,3711,0,0,0,0,0,0,0,0,0,0,0,0
100000.0,A2_pool_transport_off,20200209,1,0.00026946914578280785,0,0,1,0,0,0,2666,0,0,0,0,0,0,0,0,0,0,0,0
100000.0,A3_near_field_off,20200209,1,0.00026946914578280785,0,0,1,0,0,0,2666,0,0,0,0,0,0,0,0,0,0,0,0
100000.0,A4_crew_confined_and_pool_off,20200209,1,0.00026946914578280785,0,0,1,0,0,0,3711,0,0,0,0,0,0,0,0,0,0,0,0
100000.0,A5_all_shared_air_off,20200209,0,0.0,0,0,0,0,0,0,2666,0,0,0,0,0,0,0,0,0,0,0,0
100000.0,A0_declared,20200210,0,0.0,0,0,0,0,0,0,2666,0,0,0,0,0,0,0,0,0,0,0,0
100000.0,A1_crew_confined,20200210,0,0.0,0,0,0,0,0,0,3711,0,0,0,0,0,0,0,0,0,0,0,0
100000.0,A2_pool_transport_off,20200210,1,0.00026946914578280785,0,0,1,0,0,0,2666,0,0,0,0,0,0,0,0,0,0,0,0
100000.0,A3_near_field_off,20200210,1,0.00026946914578280785,0,0,1,0,0,0,2666,0,0,0,0,0,0,0,0,0,0,0,0
100000.0,A4_crew_confined_and_pool_off,20200210,1,0.00026946914578280785,0,0,1,0,0,0,3711,0,0,0,0,0,0,0,0,0,0,0,0
100000.0,A5_all_shared_air_off,20200210,0,0.0,0,0,0,0,0,0,2666,0,0,0,0,0,0,0,0,0,0,0,0
100000.0,A0_declared,20200211,717,0.19320937752627323,281,1,54,651,12,17,2666,651,17,634,37,545,13,0,56,0,637,14,0
100000.0,A1_crew_confined,20200211,73,0.019671247642144975,62,1,54,19,0,16,3711,19,16,3,19,0,0,0,0,0,19,0,0
100000.0,A2_pool_transport_off,20200211,1,0.00026946914578280785,1,1,1,0,0,0,2666,0,0,0,0,0,0,0,0,0,0,0,0
100000.0,A3_near_field_off,20200211,134,0.036108865534896256,61,2,46,88,0,19,2666,88,19,69,21,51,2,0,14,0,88,0,0
100000.0,A4_crew_confined_and_pool_off,20200211,1,0.00026946914578280785,1,1,1,0,0,0,3711,0,0,0,0,0,0,0,0,0,0,0,0
100000.0,A5_all_shared_air_off,20200211,0,0.0,0,0,0,0,0,0,2666,0,0,0,0,0,0,0,0,0,0,0,0
100000.0,A0_declared,20200212,1,0.00026946914578280785,1,1,1,0,0,0,2666,0,0,0,0,0,0,0,0,0,0,0,0
100000.0,A1_crew_confined,20200212,1,0.00026946914578280785,1,1,1,0,0,0,3711,0,0,0,0,0,0,0,0,0,0,0,0
100000.0,A2_pool_transport_off,20200212,1,0.00026946914578280785,1,1,1,0,0,0,2666,0,0,0,0,0,0,0,0,0,0,0,0
100000.0,A3_near_field_off,20200212,1,0.00026946914578280785,1,1,1,0,0,0,2666,0,0,0,0,0,0,0,0,0,0,0,0
100000.0,A4_crew_confined_and_pool_off,20200212,1,0.00026946914578280785,1,1,1,0,0,0,3711,0,0,0,0,0,0,0,0,0,0,0,0
100000.0,A5_all_shared_air_off,20200212,0,0.0,0,0,0,0,0,0,2666,0,0,0,0,0,0,0,0,0,0,0,0
100000.0,A0_declared,20200213,1,0.00026946914578280785,0,0,1,0,0,0,2666,0,0,0,0,0,0,0,0,0,0,0,0
100000.0,A1_crew_confined,20200213,1,0.00026946914578280785,0,0,1,0,0,0,3711,0,0,0,0,0,0,0,0,0,0,0,0
100000.0,A2_pool_transport_off,20200213,1,0.00026946914578280785,1,1,1,0,0,0,2666,0,0,0,0,0,0,0,0,0,0,0,0
100000.0,A3_near_field_off,20200213,1,0.00026946914578280785,0,0,1,0,0,0,2666,0,0,0,0,0,0,0,0,0,0,0,0
100000.0,A4_crew_confined_and_pool_off,20200213,1,0.00026946914578280785,1,1,1,0,0,0,3711,0,0,0,0,0,0,0,0,0,0,0,0
100000.0,A5_all_shared_air_off,20200213,0,0.0,0,0,0,0,0,0,2666,0,0,0,0,0,0,0,0,0,0,0,0
100000.0,A0_declared,20200214,1,0.00026946914578280785,1,1,1,0,0,0,2666,0,0,0,0,0,0,0,0,0,0,0,0
100000.0,A1_crew_confined,20200214,1,0.00026946914578280785,1,1,1,0,0,0,3711,0,0,0,0,0,0,0,0,0,0,0,0
100000.0,A2_pool_transport_off,20200214,1,0.00026946914578280785,0,0,1,0,0,0,2666,0,0,0,0,0,0,0,0,0,0,0,0
100000.0,A3_near_field_off,20200214,1,0.00026946914578280785,1,1,1,0,0,0,2666,0,0,0,0,0,0,0,0,0,0,0,0
100000.0,A4_crew_confined_and_pool_off,20200214,1,0.00026946914578280785,0,0,1,0,0,0,3711,0,0,0,0,0,0,0,0,0,0,0,0
100000.0,A5_all_shared_air_off,20200214,0,0.0,0,0,0,0,0,0,2666,0,0,0,0,0,0,0,0,0,0,0,0
100000.0,A0_declared,20200215,0,0.0,0,0,0,0,0,0,2666,0,0,0,0,0,0,0,0,0,0,0,0
100000.0,A1_crew_confined,20200215,0,0.0,0,0,0,0,0,0,3711,0,0,0,0,0,0,0,0,0,0,0,0
100000.0,A2_pool_transport_off,20200215,0,0.0,0,0,0,0,0,0,2666,0,0,0,0,0,0,0,0,0,0,0,0
100000.0,A3_near_field_off,20200215,0,0.0,0,0,0,0,0,0,2666,0,0,0,0,0,0,0,0,0,0,0,0
100000.0,A4_crew_confined_and_pool_off,20200215,0,0.0,0,0,0,0,0,0,3711,0,0,0,0,0,0,0,0,0,0,0,0
100000.0,A5_all_shared_air_off,20200215,0,0.0,0,0,0,0,0,0,2666,0,0,0,0,0,0,0,0,0,0,0,0
100000.0,A0_declared,20200216,0,0.0,0,0,0,0,0,0,2666,0,0,0,0,0,0,0,0,0,0,0,0
100000.0,A1_crew_confined,20200216,0,0.0,0,0,0,0,0,0,3711,0,0,0,0,0,0,0,0,0,0,0,0
100000.0,A2_pool_transport_off,20200216,0,0.0,0,0,0,0,0,0,2666,0,0,0,0,0,0,0,0,0,0,0,0
100000.0,A3_near_field_off,20200216,0,0.0,0,0,0,0,0,0,2666,0,0,0,0,0,0,0,0,0,0,0,0
100000.0,A4_crew_confined_and_pool_off,20200216,0,0.0,0,0,0,0,0,0,3711,0,0,0,0,0,0,0,0,0,0,0,0
100000.0,A5_all_shared_air_off,20200216,0,0.0,0,0,0,0,0,0,2666,0,0,0,0,0,0,0,0,0,0,0,0
100000.0,A0_declared,20200217,0,0.0,0,0,0,0,0,0,2666,0,0,0,0,0,0,0,0,0,0,0,0
100000.0,A1_crew_confined,20200217,0,0.0,0,0,0,0,0,0,3711,0,0,0,0,0,0,0,0,0,0,0,0
100000.0,A2_pool_transport_off,20200217,0,0.0,0,0,0,0,0,0,2666,0,0,0,0,0,0,0,0,0,0,0,0
100000.0,A3_near_field_off,20200217,0,0.0,0,0,0,0,0,0,2666,0,0,0,0,0,0,0,0,0,0,0,0
100000.0,A4_crew_confined_and_pool_off,20200217,0,0.0,0,0,0,0,0,0,3711,0,0,0,0,0,0,0,0,0,0,0,0
100000.0,A5_all_shared_air_off,20200217,0,0.0,0,0,0,0,0,0,2666,0,0,0,0,0,0,0,0,0,0,0,0
100000.0,A0_declared,20200218,0,0.0,0,0,0,0,0,0,2666,0,0,0,0,0,0,0,0,0,0,0,0
100000.0,A1_crew_confined,20200218,0,0.0,0,0,0,0,0,0,3711,0,0,0,0,0,0,0,0,0,0,0,0
100000.0,A2_pool_transport_off,20200218,0,0.0,0,0,0,0,0,0,2666,0,0,0,0,0,0,0,0,0,0,0,0
100000.0,A3_near_field_off,20200218,0,0.0,0,0,0,0,0,0,2666,0,0,0,0,0,0,0,0,0,0,0,0
100000.0,A4_crew_confined_and_pool_off,20200218,0,0.0,0,0,0,0,0,0,3711,0,0,0,0,0,0,0,0,0,0,0,0
100000.0,A5_all_shared_air_off,20200218,0,0.0,0,0,0,0,0,0,2666,0,0,0,0,0,0,0,0,0,0,0,0
100000.0,A0_declared,20200219,1,0.00026946914578280785,0,0,1,0,0,0,2666,0,0,0,0,0,0,0,0,0,0,0,0
100000.0,A1_crew_confined,20200219,1,0.00026946914578280785,0,0,1,0,0,0,3711,0,0,0,0,0,0,0,0,0,0,0,0
100000.0,A2_pool_transport_off,20200219,1,0.00026946914578280785,0,0,1,0,0,0,2666,0,0,0,0,0,0,0,0,0,0,0,0
100000.0,A3_near_field_off,20200219,477,0.12853678253839934,432,205,306,166,5,108,2720,166,108,58,123,35,0,0,8,0,166,0,0
100000.0,A4_crew_confined_and_pool_off,20200219,1,0.00026946914578280785,0,0,1,0,0,0,3711,0,0,0,0,0,0,0,0,0,0,0,0
100000.0,A5_all_shared_air_off,20200219,0,0.0,0,0,0,0,0,0,2666,0,0,0,0,0,0,0,0,0,0,0,0
100000.0,A0_declared,20200220,0,0.0,0,0,0,0,0,0,2666,0,0,0,0,0,0,0,0,0,0,0,0
100000.0,A1_crew_confined,20200220,0,0.0,0,0,0,0,0,0,3711,0,0,0,0,0,0,0,0,0,0,0,0
100000.0,A2_pool_transport_off,20200220,0,0.0,0,0,0,0,0,0,2666,0,0,0,0,0,0,0,0,0,0,0,0
100000.0,A3_near_field_off,20200220,0,0.0,0,0,0,0,0,0,2666,0,0,0,0,0,0,0,0,0,0,0,0
100000.0,A4_crew_confined_and_pool_off,20200220,0,0.0,0,0,0,0,0,0,3711,0,0,0,0,0,0,0,0,0,0,0,0
100000.0,A5_all_shared_air_off,20200220,0,0.0,0,0,0,0,0,0,2666,0,0,0,0,0,0,0,0,0,0,0,0
100000.0,A0_declared,20200221,1,0.00026946914578280785,0,0,1,0,0,0,2666,0,0,0,0,0,0,0,0,0,0,0,0
100000.0,A1_crew_confined,20200221,1,0.00026946914578280785,0,0,1,0,0,0,3711,0,0,0,0,0,0,0,0,0,0,0,0
100000.0,A2_pool_transport_off,20200221,27,0.007275666936135812,20,1,19,8,0,7,2666,8,7,1,7,1,0,0,0,0,8,0,0
100000.0,A3_near_field_off,20200221,1,0.00026946914578280785,1,1,1,0,0,0,2666,0,0,0,0,0,0,0,0,0,0,0,0
100000.0,A4_crew_confined_and_pool_off,20200221,26,0.007006197790353005,20,1,19,7,0,7,3711,7,7,0,7,0,0,0,0,0,7,0,0
100000.0,A5_all_shared_air_off,20200221,0,0.0,0,0,0,0,0,0,2666,0,0,0,0,0,0,0,0,0,0,0,0
100000.0,A0_declared,20200222,0,0.0,0,0,0,0,0,0,2666,0,0,0,0,0,0,0,0,0,0,0,0
100000.0,A1_crew_confined,20200222,0,0.0,0,0,0,0,0,0,3711,0,0,0,0,0,0,0,0,0,0,0,0
100000.0,A2_pool_transport_off,20200222,1,0.00026946914578280785,0,0,1,0,0,0,2666,0,0,0,0,0,0,0,0,0,0,0,0
100000.0,A3_near_field_off,20200222,0,0.0,0,0,0,0,0,0,2666,0,0,0,0,0,0,0,0,0,0,0,0
100000.0,A4_crew_confined_and_pool_off,20200222,1,0.00026946914578280785,0,0,1,0,0,0,3711,0,0,0,0,0,0,0,0,0,0,0,0
100000.0,A5_all_shared_air_off,20200222,0,0.0,0,0,0,0,0,0,2666,0,0,0,0,0,0,0,0,0,0,0,0
100000.0,A0_declared,20200223,1,0.00026946914578280785,1,1,1,0,0,0,2666,0,0,0,0,0,0,0,0,0,0,0,0
100000.0,A1_crew_confined,20200223,1,0.00026946914578280785,1,1,1,0,0,0,3711,0,0,0,0,0,0,0,0,0,0,0,0
100000.0,A2_pool_transport_off,20200223,1,0.00026946914578280785,1,1,1,0,0,0,2666,0,0,0,0,0,0,0,0,0,0,0,0
100000.0,A3_near_field_off,20200223,1,0.00026946914578280785,1,1,1,0,0,0,2666,0,0,0,0,0,0,0,0,0,0,0,0
100000.0,A4_crew_confined_and_pool_off,20200223,1,0.00026946914578280785,1,1,1,0,0,0,3711,0,0,0,0,0,0,0,0,0,0,0,0
100000.0,A5_all_shared_air_off,20200223,0,0.0,0,0,0,0,0,0,2666,0,0,0,0,0,0,0,0,0,0,0,0
100000.0,A0_declared,20200224,1,0.00026946914578280785,0,0,1,0,0,0,2666,0,0,0,0,0,0,0,0,0,0,0,0
100000.0,A1_crew_confined,20200224,1,0.00026946914578280785,0,0,1,0,0,0,3711,0,0,0,0,0,0,0,0,0,0,0,0
100000.0,A2_pool_transport_off,20200224,1,0.00026946914578280785,0,0,1,0,0,0,2666,0,0,0,0,0,0,0,0,0,0,0,0
100000.0,A3_near_field_off,20200224,3,0.0008084074373484236,1,0,2,1,0,1,2666,1,1,0,1,0,0,0,0,0,1,0,0
100000.0,A4_crew_confined_and_pool_off,20200224,1,0.00026946914578280785,0,0,1,0,0,0,3711,0,0,0,0,0,0,0,0,0,0,0,0
100000.0,A5_all_shared_air_off,20200224,0,0.0,0,0,0,0,0,0,2666,0,0,0,0,0,0,0,0,0,0,0,0
1000000000.0,A0_declared,20200205,3458,0.9318243061169497,2879,2628,3414,43,1,12,3600,43,12,31,38,4,1,0,0,0,43,0,0
1000000000.0,A1_crew_confined,20200205,3446,0.9285906763675559,2868,2618,3414,32,0,9,3711,32,9,23,32,0,0,0,0,0,32,0,0
1000000000.0,A2_pool_transport_off,20200205,3439,0.9267043923470762,2873,2629,3402,37,0,9,3584,37,9,28,30,5,1,0,1,0,37,0,0
1000000000.0,A3_near_field_off,20200205,3404,0.917272972244678,2866,2578,3349,55,0,12,3567,55,12,43,44,10,0,0,1,0,55,0,0
1000000000.0,A4_crew_confined_and_pool_off,20200205,3433,0.9250875774723795,2867,2632,3402,31,0,8,3711,31,8,23,31,0,0,0,0,0,31,0,0
1000000000.0,A5_all_shared_air_off,20200205,264,0.07113985448666128,137,46,61,203,0,0,2674,203,0,203,4,132,22,0,45,4,0,0,199
1000000000.0,A0_declared,20200206,1,0.00026946914578280785,0,0,1,0,0,0,2666,0,0,0,0,0,0,0,0,0,0,0,0
1000000000.0,A1_crew_confined,20200206,1,0.00026946914578280785,0,0,1,0,0,0,3711,0,0,0,0,0,0,0,0,0,0,0,0
1000000000.0,A2_pool_transport_off,20200206,1,0.00026946914578280785,0,0,1,0,0,0,2666,0,0,0,0,0,0,0,0,0,0,0,0
1000000000.0,A3_near_field_off,20200206,1,0.00026946914578280785,0,0,1,0,0,0,2666,0,0,0,0,0,0,0,0,0,0,0,0
1000000000.0,A4_crew_confined_and_pool_off,20200206,1,0.00026946914578280785,0,0,1,0,0,0,3711,0,0,0,0,0,0,0,0,0,0,0,0
1000000000.0,A5_all_shared_air_off,20200206,0,0.0,0,0,0,0,0,0,2666,0,0,0,0,0,0,0,0,0,0,0,0
1000000000.0,A0_declared,20200207,1,0.00026946914578280785,1,1,1,0,0,0,2666,0,0,0,0,0,0,0,0,0,0,0,0
1000000000.0,A1_crew_confined,20200207,1,0.00026946914578280785,1,1,1,0,0,0,3711,0,0,0,0,0,0,0,0,0,0,0,0
1000000000.0,A2_pool_transport_off,20200207,1,0.00026946914578280785,1,1,1,0,0,0,2666,0,0,0,0,0,0,0,0,0,0,0,0
1000000000.0,A3_near_field_off,20200207,1,0.00026946914578280785,1,1,1,0,0,0,2666,0,0,0,0,0,0,0,0,0,0,0,0
1000000000.0,A4_crew_confined_and_pool_off,20200207,1,0.00026946914578280785,1,1,1,0,0,0,3711,0,0,0,0,0,0,0,0,0,0,0,0
1000000000.0,A5_all_shared_air_off,20200207,0,0.0,0,0,0,0,0,0,2666,0,0,0,0,0,0,0,0,0,0,0,0
1000000000.0,A0_declared,20200208,3461,0.932632713554298,3318,2708,3391,70,0,29,3507,70,29,41,63,6,0,0,1,0,69,1,0
1000000000.0,A1_crew_confined,20200208,3449,0.9293990838049043,3311,2722,3391,58,0,28,3711,58,28,30,58,0,0,0,0,0,58,0,0
1000000000.0,A2_pool_transport_off,20200208,3459,0.9320937752627324,3266,2772,3391,68,0,34,3596,68,34,34,61,7,0,0,0,0,68,0,0
1000000000.0,A3_near_field_off,20200208,3420,0.9215844785772029,3287,2636,3336,84,0,64,3629,84,64,20,83,1,0,0,0,0,84,0,0
1000000000.0,A4_crew_confined_and_pool_off,20200208,3450,0.9296685529506872,3263,2771,3391,59,0,30,3711,59,30,29,59,0,0,0,0,0,59,0,0
1000000000.0,A5_all_shared_air_off,20200208,7,0.001886284020479655,3,3,7,0,0,0,2668,0,0,0,0,0,0,0,0,0,0,0,0
1000000000.0,A0_declared,20200209,3,0.0008084074373484236,1,0,2,1,0,1,2666,1,1,0,1,0,0,0,0,0,1,0,0
1000000000.0,A1_crew_confined,20200209,3,0.0008084074373484236,2,0,2,1,0,1,3711,1,1,0,1,0,0,0,0,0,1,0,0
1000000000.0,A2_pool_transport_off,20200209,4,0.0010778765831312314,2,0,3,1,0,1,2666,1,1,0,1,0,0,0,0,0,1,0,0
1000000000.0,A3_near_field_off,20200209,1138,0.30665588790083537,813,4,50,1069,19,95,2667,1069,95,974,115,849,9,0,96,0,1024,45,0
1000000000.0,A4_crew_confined_and_pool_off,20200209,5,0.0013473457289140394,3,0,3,2,0,2,3711,2,2,0,2,0,0,0,0,0,2,0,0
1000000000.0,A5_all_shared_air_off,20200209,0,0.0,0,0,0,0,0,0,2666,0,0,0,0,0,0,0,0,0,0,0,0
1000000000.0,A0_declared,20200210,2,0.0005389382915656157,1,0,2,0,0,0,2666,0,0,0,0,0,0,0,0,0,0,0,0
1000000000.0,A1_crew_confined,20200210,2,0.0005389382915656157,1,0,2,0,0,0,3711,0,0,0,0,0,0,0,0,0,0,0,0
1000000000.0,A2_pool_transport_off,20200210,2945,0.7935866343303691,2846,501,1930,1009,6,471,2781,1009,472,537,583,361,0,0,65,0,1009,0,0
1000000000.0,A3_near_field_off,20200210,2861,0.7709512260846133,2641,212,1565,1277,19,565,2720,1277,565,712,689,528,2,0,58,0,1204,73,0
1000000000.0,A4_crew_confined_and_pool_off,20200210,2620,0.7060091619509566,2514,504,1930,688,2,470,3711,688,471,217,688,0,0,0,0,0,688,0,0
1000000000.0,A5_all_shared_air_off,20200210,0,0.0,0,0,0,0,0,0,2666,0,0,0,0,0,0,0,0,0,0,0,0
1000000000.0,A0_declared,20200211,1,0.00026946914578280785,1,1,1,0,0,0,2666,0,0,0,0,0,0,0,0,0,0,0,0
1000000000.0,A1_crew_confined,20200211,1,0.00026946914578280785,1,1,1,0,0,0,3711,0,0,0,0,0,0,0,0,0,0,0,0
1000000000.0,A2_pool_transport_off,20200211,3,0.0008084074373484236,3,2,2,1,0,1,2666,1,1,0,1,0,0,0,0,0,1,0,0
1000000000.0,A3_near_field_off,20200211,25,0.006736728644570197,19,2,11,13,1,13,2666,13,13,0,13,0,0,0,0,0,8,5,0
1000000000.0,A4_crew_confined_and_pool_off,20200211,3,0.0008084074373484236,3,1,2,1,0,1,3711,1,1,0,1,0,0,0,0,0,1,0,0
1000000000.0,A5_all_shared_air_off,20200211,0,0.0,0,0,0,0,0,0,2666,0,0,0,0,0,0,0,0,0,0,0,0
1000000000.0,A0_declared,20200212,3352,0.903260576663972,3315,994,2771,578,3,233,2823,578,234,344,341,225,3,0,9,0,577,1,0
1000000000.0,A1_crew_confined,20200212,3231,0.8706548100242523,3175,976,2771,458,2,230,3711,458,231,227,458,0,0,0,0,0,435,23,0
1000000000.0,A2_pool_transport_off,20200212,11,0.0029641606036108865,10,3,7,4,0,4,2666,4,4,0,4,0,0,0,0,0,4,0,0
1000000000.0,A3_near_field_off,20200212,8,0.002155753166262463,8,2,6,2,0,2,2666,2,2,0,2,0,0,0,0,0,2,0,0
1000000000.0,A4_crew_confined_and_pool_off,20200212,11,0.0029641606036108865,11,3,7,4,0,4,3711,4,4,0,4,0,0,0,0,0,4,0,0
1000000000.0,A5_all_shared_air_off,20200212,0,0.0,0,0,0,0,0,0,2666,0,0,0,0,0,0,0,0,0,0,0,0
1000000000.0,A0_declared,20200213,3,0.0008084074373484236,2,0,2,1,0,1,2666,1,1,0,1,0,0,0,0,0,1,0,0
1000000000.0,A1_crew_confined,20200213,3,0.0008084074373484236,2,0,2,1,0,1,3711,1,1,0,1,0,0,0,0,0,1,0,0
1000000000.0,A2_pool_transport_off,20200213,1,0.00026946914578280785,0,0,1,0,0,0,2666,0,0,0,0,0,0,0,0,0,0,0,0
1000000000.0,A3_near_field_off,20200213,3300,0.889248181083266,3257,1156,2740,557,3,231,2887,557,231,326,343,178,1,0,35,0,553,4,0
1000000000.0,A4_crew_confined_and_pool_off,20200213,1,0.00026946914578280785,0,0,1,0,0,0,3711,0,0,0,0,0,0,0,0,0,0,0,0
1000000000.0,A5_all_shared_air_off,20200213,0,0.0,0,0,0,0,0,0,2666,0,0,0,0,0,0,0,0,0,0,0,0
1000000000.0,A0_declared,20200214,1188,0.32012934518997577,976,23,126,1040,22,129,2667,1040,129,911,237,708,14,0,81,0,942,98,0
1000000000.0,A1_crew_confined,20200214,359,0.09673942333602803,211,24,126,214,19,165,3711,214,165,49,214,0,0,0,0,0,129,85,0
1000000000.0,A2_pool_transport_off,20200214,14,0.00377256804095931,11,4,8,6,0,6,2666,6,6,0,6,0,0,0,0,0,6,0,0
1000000000.0,A3_near_field_off,20200214,1285,0.3462678523309081,791,14,151,1076,58,254,2667,1076,254,822,395,555,3,0,123,0,948,128,0
1000000000.0,A4_crew_confined_and_pool_off,20200214,13,0.0035030988951765024,9,4,8,5,0,5,3711,5,5,0,5,0,0,0,0,0,5,0,0
1000000000.0,A5_all_shared_air_off,20200214,1,0.00026946914578280785,1,1,1,0,0,0,2666,0,0,0,0,0,0,0,0,0,0,0,0
1000000000.0,A0_declared,20200215,0,0.0,0,0,0,0,0,0,2666,0,0,0,0,0,0,0,0,0,0,0,0
1000000000.0,A1_crew_confined,20200215,0,0.0,0,0,0,0,0,0,3711,0,0,0,0,0,0,0,0,0,0,0,0
1000000000.0,A2_pool_transport_off,20200215,0,0.0,0,0,0,0,0,0,2666,0,0,0,0,0,0,0,0,0,0,0,0
1000000000.0,A3_near_field_off,20200215,0,0.0,0,0,0,0,0,0,2666,0,0,0,0,0,0,0,0,0,0,0,0
1000000000.0,A4_crew_confined_and_pool_off,20200215,0,0.0,0,0,0,0,0,0,3711,0,0,0,0,0,0,0,0,0,0,0,0
1000000000.0,A5_all_shared_air_off,20200215,0,0.0,0,0,0,0,0,0,2666,0,0,0,0,0,0,0,0,0,0,0,0
1000000000.0,A0_declared,20200216,3240,0.8730800323362975,3147,675,2426,814,0,351,2795,814,352,462,492,285,2,0,35,0,799,15,0
1000000000.0,A1_crew_confined,20200216,3089,0.8323901913230936,2975,692,2426,653,10,356,3711,653,357,296,653,0,0,0,0,0,596,57,0
1000000000.0,A2_pool_transport_off,20200216,3324,0.8957154405820533,3270,992,2640,677,7,231,2785,677,231,446,324,333,5,0,15,0,671,6,0
1000000000.0,A3_near_field_off,20200216,1007,0.27135542980328753,318,4,17,983,7,46,2666,983,46,937,114,627,26,0,216,0,929,54,0
1000000000.0,A4_crew_confined_and_pool_off,20200216,3090,0.8326596604688763,3030,1002,2640,448,2,238,3711,448,238,210,448,0,0,0,0,0,448,0,0
1000000000.0,A5_all_shared_air_off,20200216,0,0.0,0,0,0,0,0,0,2666,0,0,0,0,0,0,0,0,0,0,0,0
1000000000.0,A0_declared,20200217,0,0.0,0,0,0,0,0,0,2666,0,0,0,0,0,0,0,0,0,0,0,0
1000000000.0,A1_crew_confined,20200217,0,0.0,0,0,0,0,0,0,3711,0,0,0,0,0,0,0,0,0,0,0,0
1000000000.0,A2_pool_transport_off,20200217,0,0.0,0,0,0,0,0,0,2666,0,0,0,0,0,0,0,0,0,0,0,0
1000000000.0,A3_near_field_off,20200217,0,0.0,0,0,0,0,0,0,2666,0,0,0,0,0,0,0,0,0,0,0,0
1000000000.0,A4_crew_confined_and_pool_off,20200217,0,0.0,0,0,0,0,0,0,3711,0,0,0,0,0,0,0,0,0,0,0,0
1000000000.0,A5_all_shared_air_off,20200217,0,0.0,0,0,0,0,0,0,2666,0,0,0,0,0,0,0,0,0,0,0,0
1000000000.0,A0_declared,20200218,2728,0.7351118296954998,2367,67,1204,1497,27,726,2667,1497,727,770,816,632,4,0,45,0,1347,150,0
1000000000.0,A1_crew_confined,20200218,2325,0.6265157639450283,1869,71,1204,1049,72,718,3711,1049,719,330,1049,0,0,0,0,0,705,344,0
1000000000.0,A2_pool_transport_off,20200218,0,0.0,0,0,0,0,0,0,2666,0,0,0,0,0,0,0,0,0,0,0,0
1000000000.0,A3_near_field_off,20200218,257,0.06925357046618162,3,0,1,225,31,0,2666,225,0,225,19,164,2,0,40,0,219,6,0
1000000000.0,A4_crew_confined_and_pool_off,20200218,0,0.0,0,0,0,0,0,0,3711,0,0,0,0,0,0,0,0,0,0,0,0
1000000000.0,A5_all_shared_air_off,20200218,0,0.0,0,0,0,0,0,0,2666,0,0,0,0,0,0,0,0,0,0,0,0
1000000000.0,A0_declared,20200219,3423,0.9223928860145514,3278,2592,3303,119,1,44,3464,119,44,75,90,26,0,0,3,0,116,3,0
1000000000.0,A1_crew_confined,20200219,3420,0.9215844785772029,3268,2573,3303,117,0,49,3711,117,49,68,117,0,0,0,0,0,112,5,0
1000000000.0,A2_pool_transport_off,20200219,3394,0.9145782807868499,3284,2267,3223,170,1,56,3278,170,56,114,108,48,4,0,10,0,170,0,0
1000000000.0,A3_near_field_off,20200219,3428,0.9237402317434654,3243,2618,3304,124,0,46,3462,124,46,78,104,19,0,0,1,0,123,1,0
1000000000.0,A4_crew_confined_and_pool_off,20200219,3360,0.9054163298302345,3251,2271,3223,136,1,52,3711,136,52,84,136,0,0,0,0,0,136,0,0
1000000000.0,A5_all_shared_air_off,20200219,1,0.00026946914578280785,0,0,1,0,0,0,2666,0,0,0,0,0,0,0,0,0,0,0,0
1000000000.0,A0_declared,20200220,1112,0.29964969011048237,982,8,74,1025,13,77,2666,1025,77,948,175,719,17,0,114,0,959,66,0
1000000000.0,A1_crew_confined,20200220,288,0.07760711398544867,170,8,74,198,16,78,3711,198,78,120,198,0,0,0,0,0,97,101,0
1000000000.0,A2_pool_transport_off,20200220,6,0.0016168148746968471,5,3,6,0,0,0,2666,0,0,0,0,0,0,0,0,0,0,0,0
1000000000.0,A3_near_field_off,20200220,3005,0.8097547830773376,2865,412,1988,1011,6,499,2790,1011,500,511,591,394,1,0,25,0,961,50,0
1000000000.0,A4_crew_confined_and_pool_off,20200220,6,0.0016168148746968471,5,4,6,0,0,0,3711,0,0,0,0,0,0,0,0,0,0,0,0
1000000000.0,A5_all_shared_air_off,20200220,0,0.0,0,0,0,0,0,0,2666,0,0,0,0,0,0,0,0,0,0,0,0
1000000000.0,A0_declared,20200221,3181,0.8571813527351119,3104,684,2331,845,5,442,2796,845,443,402,552,240,11,0,42,0,811,34,0
1000000000.0,A1_crew_confined,20200221,3030,0.8164915117219078,2914,679,2331,690,9,451,3711,690,452,238,690,0,0,0,0,0,660,30,0
1000000000.0,A2_pool_transport_off,20200221,1,0.00026946914578280785,0,0,1,0,0,0,2666,0,0,0,0,0,0,0,0,0,0,0,0
1000000000.0,A3_near_field_off,20200221,3,0.0008084074373484236,2,0,2,1,0,1,2666,1,1,0,1,0,0,0,0,0,1,0,0
1000000000.0,A4_crew_confined_and_pool_off,20200221,1,0.00026946914578280785,0,0,1,0,0,0,3711,0,0,0,0,0,0,0,0,0,0,0,0
1000000000.0,A5_all_shared_air_off,20200221,0,0.0,0,0,0,0,0,0,2666,0,0,0,0,0,0,0,0,0,0,0,0
1000000000.0,A0_declared,20200222,2022,0.5448666127728375,1443,33,430,1552,40,699,2666,1552,700,852,854,633,7,0,58,0,1158,394,0
1000000000.0,A1_crew_confined,20200222,1393,0.37537052007545135,919,41,430,896,67,590,3711,896,591,305,896,0,0,0,0,0,435,461,0
1000000000.0,A2_pool_transport_off,20200222,1,0.00026946914578280785,0,0,1,0,0,0,2666,0,0,0,0,0,0,0,0,0,0,0,0
1000000000.0,A3_near_field_off,20200222,1,0.00026946914578280785,0,0,1,0,0,0,2666,0,0,0,0,0,0,0,0,0,0,0,0
1000000000.0,A4_crew_confined_and_pool_off,20200222,1,0.00026946914578280785,0,0,1,0,0,0,3711,0,0,0,0,0,0,0,0,0,0,0,0
1000000000.0,A5_all_shared_air_off,20200222,0,0.0,0,0,0,0,0,0,2666,0,0,0,0,0,0,0,0,0,0,0,0
1000000000.0,A0_declared,20200223,1113,0.29991915925626517,1026,28,94,1016,3,60,2671,1016,60,956,141,774,16,0,85,0,960,56,0
1000000000.0,A1_crew_confined,20200223,322,0.08676906494206413,186,27,94,211,17,62,3711,211,62,149,211,0,0,0,0,0,109,102,0
1000000000.0,A2_pool_transport_off,20200223,952,0.2565346267852331,240,5,55,886,11,40,2666,886,40,846,63,666,9,0,148,0,826,60,0
1000000000.0,A3_near_field_off,20200223,2736,0.7372675828617623,2476,302,1336,1384,16,712,2716,1384,712,672,865,443,12,0,64,0,1262,122,0
1000000000.0,A4_crew_confined_and_pool_off,20200223,96,0.025869037995149554,77,5,55,40,1,38,3711,40,38,2,40,0,0,0,0,0,40,0,0
1000000000.0,A5_all_shared_air_off,20200223,0,0.0,0,0,0,0,0,0,2666,0,0,0,0,0,0,0,0,0,0,0,0
1000000000.0,A0_declared,20200224,3408,0.9183508488278093,3169,2606,3335,73,0,18,3437,73,18,55,59,14,0,0,0,0,72,1,0
1000000000.0,A1_crew_confined,20200224,3398,0.9156561573699812,3166,2614,3335,63,0,12,3711,63,12,51,63,0,0,0,0,0,63,0,0
1000000000.0,A2_pool_transport_off,20200224,3393,0.9143088116410671,3355,2036,3155,237,1,121,3245,237,121,116,164,62,1,0,10,0,237,0,0
1000000000.0,A3_near_field_off,20200224,3414,0.919967663702506,3304,2653,3318,96,0,49,3482,96,49,47,84,12,0,0,0,0,93,3,0
1000000000.0,A4_crew_confined_and_pool_off,20200224,3358,0.9048773915386689,3317,2031,3155,203,0,126,3711,203,126,77,203,0,0,0,0,0,203,0,0
1000000000.0,A5_all_shared_air_off,20200224,0,0.0,0,0,0,0,0,0,2666,0,0,0,0,0,0,0,0,0,0,0,0
