theta,infection_age_days,seed,infections_total,attack_rate,recorded_onsets,index_onset_day,index_shedding_at_day0,invalid_reason,parent_infections_total,parent_attack_rate,parent_recorded_onsets
10.0,3.3,20200205,0,0.0,0,-1.0,True,,0,0.0,0
10.0,3.3,20200206,0,0.0,0,-1.0,True,,0,0.0,0
10.0,3.3,20200207,0,0.0,0,-1.0,True,,0,0.0,0
10.0,3.3,20200208,0,0.0,0,-1.0,True,,0,0.0,0
10.0,3.3,20200209,0,0.0,0,-1.0,True,,0,0.0,0
10.0,3.3,20200210,0,0.0,0,-1.0,True,,0,0.0,0
10.0,3.3,20200211,0,0.0,0,-1.0,True,,0,0.0,0
10.0,3.3,20200212,0,0.0,0,-1.0,True,,0,0.0,0
10.0,3.3,20200213,0,0.0,0,-1.0,True,,0,0.0,0
10.0,3.3,20200214,0,0.0,0,-1.0,True,,0,0.0,0
10.0,3.3,20200215,0,0.0,0,-1.0,True,,0,0.0,0
10.0,3.3,20200216,0,0.0,0,-1.0,True,,0,0.0,0
10.0,3.3,20200217,0,0.0,0,-1.0,True,,0,0.0,0
10.0,3.3,20200218,0,0.0,0,-1.0,True,,0,0.0,0
10.0,3.3,20200219,0,0.0,0,-1.0,True,,0,0.0,0
10.0,3.3,20200220,0,0.0,0,-1.0,True,,0,0.0,0
10.0,3.3,20200221,0,0.0,0,-1.0,True,,0,0.0,0
10.0,3.3,20200222,0,0.0,0,-1.0,True,,0,0.0,0
10.0,3.3,20200223,0,0.0,0,-1.0,True,,0,0.0,0
10.0,3.3,20200224,0,0.0,0,-1.0,True,,0,0.0,0
100.0,3.3,20200205,0,0.0,0,-1.0,True,,0,0.0,0
100.0,3.3,20200206,0,0.0,0,-1.0,True,,0,0.0,0
100.0,3.3,20200207,0,0.0,0,-1.0,True,,0,0.0,0
100.0,3.3,20200208,1,0.00026946914578280785,1,-1.0,True,,1,0.00026946914578280785,1
100.0,3.3,20200209,0,0.0,0,-1.0,True,,0,0.0,0
100.0,3.3,20200210,0,0.0,0,-1.0,True,,0,0.0,0
100.0,3.3,20200211,0,0.0,0,-1.0,True,,0,0.0,0
100.0,3.3,20200212,0,0.0,0,-1.0,True,,0,0.0,0
100.0,3.3,20200213,0,0.0,0,-1.0,True,,0,0.0,0
100.0,3.3,20200214,0,0.0,0,-1.0,True,,0,0.0,0
100.0,3.3,20200215,0,0.0,0,-1.0,True,,0,0.0,0
100.0,3.3,20200216,0,0.0,0,-1.0,True,,0,0.0,0
100.0,3.3,20200217,0,0.0,0,-1.0,True,,0,0.0,0
100.0,3.3,20200218,0,0.0,0,-1.0,True,,0,0.0,0
100.0,3.3,20200219,1,0.00026946914578280785,0,-1.0,True,,1,0.00026946914578280785,0
100.0,3.3,20200220,0,0.0,0,-1.0,True,,0,0.0,0
100.0,3.3,20200221,0,0.0,0,-1.0,True,,0,0.0,0
100.0,3.3,20200222,0,0.0,0,-1.0,True,,0,0.0,0
100.0,3.3,20200223,1,0.00026946914578280785,1,-1.0,True,,1,0.00026946914578280785,1
100.0,3.3,20200224,0,0.0,0,-1.0,True,,0,0.0,0
1000.0,3.3,20200205,3,0.0008084074373484236,3,-1.0,True,,3,0.0008084074373484236,3
1000.0,3.3,20200206,0,0.0,0,-1.0,True,,0,0.0,0
1000.0,3.3,20200207,0,0.0,0,-1.0,True,,0,0.0,0
1000.0,3.3,20200208,3,0.0008084074373484236,2,-1.0,True,,3,0.0008084074373484236,2
1000.0,3.3,20200209,1,0.00026946914578280785,1,-1.0,True,,1,0.00026946914578280785,1
1000.0,3.3,20200210,0,0.0,0,-1.0,True,,0,0.0,0
1000.0,3.3,20200211,0,0.0,0,-1.0,True,,0,0.0,0
1000.0,3.3,20200212,0,0.0,0,-1.0,True,,0,0.0,0
1000.0,3.3,20200213,0,0.0,0,-1.0,True,,0,0.0,0
1000.0,3.3,20200214,1,0.00026946914578280785,1,-1.0,True,,1,0.00026946914578280785,1
1000.0,3.3,20200215,0,0.0,0,-1.0,True,,0,0.0,0
1000.0,3.3,20200216,0,0.0,0,-1.0,True,,0,0.0,0
1000.0,3.3,20200217,0,0.0,0,-1.0,True,,0,0.0,0
1000.0,3.3,20200218,0,0.0,0,-1.0,True,,0,0.0,0
1000.0,3.3,20200219,1,0.00026946914578280785,1,-1.0,True,,1,0.00026946914578280785,1
1000.0,3.3,20200220,0,0.0,0,-1.0,True,,0,0.0,0
1000.0,3.3,20200221,0,0.0,0,-1.0,True,,0,0.0,0
1000.0,3.3,20200222,0,0.0,0,-1.0,True,,0,0.0,0
1000.0,3.3,20200223,1,0.00026946914578280785,1,-1.0,True,,1,0.00026946914578280785,1
1000.0,3.3,20200224,0,0.0,0,-1.0,True,,0,0.0,0
10000.0,3.3,20200205,135,0.03637833468067906,122,-1.0,True,,135,0.03637833468067906,122
10000.0,3.3,20200206,0,0.0,0,-1.0,True,,0,0.0,0
10000.0,3.3,20200207,0,0.0,0,-1.0,True,,0,0.0,0
10000.0,3.3,20200208,22,0.005928321207221773,16,-1.0,True,,22,0.005928321207221773,16
10000.0,3.3,20200209,1,0.00026946914578280785,1,-1.0,True,,1,0.00026946914578280785,1
10000.0,3.3,20200210,0,0.0,0,-1.0,True,,0,0.0,0
10000.0,3.3,20200211,0,0.0,0,-1.0,True,,0,0.0,0
10000.0,3.3,20200212,1,0.00026946914578280785,1,-1.0,True,,1,0.00026946914578280785,1
10000.0,3.3,20200213,0,0.0,0,-1.0,True,,0,0.0,0
10000.0,3.3,20200214,1,0.00026946914578280785,1,-1.0,True,,1,0.00026946914578280785,1
10000.0,3.3,20200215,0,0.0,0,-1.0,True,,0,0.0,0
10000.0,3.3,20200216,0,0.0,0,-1.0,True,,0,0.0,0
10000.0,3.3,20200217,0,0.0,0,-1.0,True,,0,0.0,0
10000.0,3.3,20200218,0,0.0,0,-1.0,True,,0,0.0,0
10000.0,3.3,20200219,1,0.00026946914578280785,0,-1.0,True,,1,0.00026946914578280785,0
10000.0,3.3,20200220,0,0.0,0,-1.0,True,,0,0.0,0
10000.0,3.3,20200221,0,0.0,0,-1.0,True,,0,0.0,0
10000.0,3.3,20200222,0,0.0,0,-1.0,True,,0,0.0,0
10000.0,3.3,20200223,1,0.00026946914578280785,1,-1.0,True,,1,0.00026946914578280785,1
10000.0,3.3,20200224,0,0.0,0,-1.0,True,,0,0.0,0
100000.0,3.3,20200205,950,0.2559956884936675,810,-1.0,True,,1110,0.2991107518189167,775
100000.0,3.3,20200206,1,0.00026946914578280785,1,-1.0,True,,1,0.00026946914578280785,1
100000.0,3.3,20200207,1,0.00026946914578280785,0,-1.0,True,,1,0.00026946914578280785,0
100000.0,3.3,20200208,396,0.10670978172999192,352,-1.0,True,,392,0.10563190514686069,356
100000.0,3.3,20200209,1,0.00026946914578280785,0,-1.0,True,,1,0.00026946914578280785,0
100000.0,3.3,20200210,0,0.0,0,-1.0,True,,0,0.0,0
100000.0,3.3,20200211,717,0.19320937752627323,281,-1.0,True,,744,0.20048504446240906,277
100000.0,3.3,20200212,1,0.00026946914578280785,1,-1.0,True,,1,0.00026946914578280785,1
100000.0,3.3,20200213,1,0.00026946914578280785,0,-1.0,True,,1,0.00026946914578280785,0
100000.0,3.3,20200214,1,0.00026946914578280785,1,-1.0,True,,1,0.00026946914578280785,1
100000.0,3.3,20200215,0,0.0,0,-1.0,True,,0,0.0,0
100000.0,3.3,20200216,0,0.0,0,-1.0,True,,0,0.0,0
100000.0,3.3,20200217,0,0.0,0,-1.0,True,,0,0.0,0
100000.0,3.3,20200218,0,0.0,0,-1.0,True,,0,0.0,0
100000.0,3.3,20200219,1,0.00026946914578280785,0,-1.0,True,,1,0.00026946914578280785,0
100000.0,3.3,20200220,0,0.0,0,-1.0,True,,0,0.0,0
100000.0,3.3,20200221,1,0.00026946914578280785,0,-1.0,True,,1,0.00026946914578280785,0
100000.0,3.3,20200222,0,0.0,0,-1.0,True,,0,0.0,0
100000.0,3.3,20200223,1,0.00026946914578280785,1,-1.0,True,,1,0.00026946914578280785,1
100000.0,3.3,20200224,1,0.00026946914578280785,0,-1.0,True,,1,0.00026946914578280785,0
1000000.0,3.3,20200205,2433,0.6556184316895716,2200,-1.0,True,,2365,0.6372945297763406,2177
1000000.0,3.3,20200206,1,0.00026946914578280785,0,-1.0,True,,1,0.00026946914578280785,0
1000000.0,3.3,20200207,1,0.00026946914578280785,0,-1.0,True,,1,0.00026946914578280785,0
1000000.0,3.3,20200208,1620,0.43654001616814875,1412,-1.0,True,,1662,0.44785772029102666,1465
1000000.0,3.3,20200209,1,0.00026946914578280785,0,-1.0,True,,1,0.00026946914578280785,0
1000000.0,3.3,20200210,1,0.00026946914578280785,0,-1.0,True,,1,0.00026946914578280785,0
1000000.0,3.3,20200211,1,0.00026946914578280785,0,-1.0,True,,1,0.00026946914578280785,0
1000000.0,3.3,20200212,1,0.00026946914578280785,1,-1.0,True,,1,0.00026946914578280785,1
1000000.0,3.3,20200213,1,0.00026946914578280785,1,-1.0,True,,1,0.00026946914578280785,1
1000000.0,3.3,20200214,8,0.002155753166262463,6,-1.0,True,,8,0.002155753166262463,6
1000000.0,3.3,20200215,0,0.0,0,-1.0,True,,0,0.0,0
1000000.0,3.3,20200216,0,0.0,0,-1.0,True,,0,0.0,0
1000000.0,3.3,20200217,0,0.0,0,-1.0,True,,0,0.0,0
1000000.0,3.3,20200218,0,0.0,0,-1.0,True,,0,0.0,0
1000000.0,3.3,20200219,1,0.00026946914578280785,0,-1.0,True,,1,0.00026946914578280785,0
1000000.0,3.3,20200220,0,0.0,0,-1.0,True,,0,0.0,0
1000000.0,3.3,20200221,1,0.00026946914578280785,1,-1.0,True,,1,0.00026946914578280785,1
1000000.0,3.3,20200222,1,0.00026946914578280785,0,-1.0,True,,1,0.00026946914578280785,0
1000000.0,3.3,20200223,1,0.00026946914578280785,1,-1.0,True,,1,0.00026946914578280785,1
1000000.0,3.3,20200224,1,0.00026946914578280785,0,-1.0,True,,1,0.00026946914578280785,0
10000000.0,3.3,20200205,3015,0.8124494745351657,2755,-1.0,True,,3050,0.821880894637564,2881
10000000.0,3.3,20200206,1,0.00026946914578280785,1,-1.0,True,,1,0.00026946914578280785,1
10000000.0,3.3,20200207,1,0.00026946914578280785,0,-1.0,True,,1,0.00026946914578280785,0
10000000.0,3.3,20200208,2539,0.6841821611425492,2333,-1.0,True,,2515,0.6777149016437618,2316
10000000.0,3.3,20200209,1,0.00026946914578280785,1,-1.0,True,,1,0.00026946914578280785,1
10000000.0,3.3,20200210,1,0.00026946914578280785,0,-1.0,True,,1,0.00026946914578280785,0
10000000.0,3.3,20200211,1,0.00026946914578280785,0,-1.0,True,,1,0.00026946914578280785,0
10000000.0,3.3,20200212,1,0.00026946914578280785,1,-1.0,True,,1,0.00026946914578280785,1
10000000.0,3.3,20200213,1,0.00026946914578280785,1,-1.0,True,,1,0.00026946914578280785,1
10000000.0,3.3,20200214,621,0.16734033953112368,419,-1.0,True,,457,0.1231473996227432,402
10000000.0,3.3,20200215,0,0.0,0,-1.0,True,,0,0.0,0
10000000.0,3.3,20200216,0,0.0,0,-1.0,True,,0,0.0,0
10000000.0,3.3,20200217,0,0.0,0,-1.0,True,,0,0.0,0
10000000.0,3.3,20200218,2,0.0005389382915656157,2,-1.0,True,,2,0.0005389382915656157,2
10000000.0,3.3,20200219,6,0.0016168148746968471,4,-1.0,True,,6,0.0016168148746968471,3
10000000.0,3.3,20200220,1,0.00026946914578280785,0,-1.0,True,,1,0.00026946914578280785,0
10000000.0,3.3,20200221,1,0.00026946914578280785,0,-1.0,True,,1,0.00026946914578280785,0
10000000.0,3.3,20200222,1046,0.28186472648881705,808,-1.0,True,,1068,0.2877930476960388,847
10000000.0,3.3,20200223,1,0.00026946914578280785,1,-1.0,True,,1,0.00026946914578280785,1
10000000.0,3.3,20200224,1,0.00026946914578280785,1,-1.0,True,,1,0.00026946914578280785,1
100000000.0,3.3,20200205,3320,0.8946375639989221,2963,-1.0,True,,3305,0.89059552681218,3072
100000000.0,3.3,20200206,1,0.00026946914578280785,0,-1.0,True,,1,0.00026946914578280785,0
100000000.0,3.3,20200207,1,0.00026946914578280785,0,-1.0,True,,1,0.00026946914578280785,0
100000000.0,3.3,20200208,3036,0.8181083265966047,2907,-1.0,True,,2955,0.7962813257881972,2842
100000000.0,3.3,20200209,1,0.00026946914578280785,0,-1.0,True,,1,0.00026946914578280785,0
100000000.0,3.3,20200210,1,0.00026946914578280785,0,-1.0,True,,1,0.00026946914578280785,0
100000000.0,3.3,20200211,836,0.22527620587442737,160,-1.0,True,,896,0.24144435462139585,156
100000000.0,3.3,20200212,1049,0.28267313392616544,649,-1.0,True,,1050,0.28294260307194824,633
100000000.0,3.3,20200213,1,0.00026946914578280785,0,-1.0,True,,1,0.00026946914578280785,0
100000000.0,3.3,20200214,1,0.00026946914578280785,1,-1.0,True,,1,0.00026946914578280785,1
100000000.0,3.3,20200215,0,0.0,0,-1.0,True,,0,0.0,0
100000000.0,3.3,20200216,3164,0.852600377256804,3091,-1.0,True,,3226,0.8693074642953382,3129
100000000.0,3.3,20200217,0,0.0,0,-1.0,True,,0,0.0,0
100000000.0,3.3,20200218,2,0.0005389382915656157,2,-1.0,True,,2,0.0005389382915656157,2
100000000.0,3.3,20200219,2710,0.7302613850714094,2555,-1.0,True,,2770,0.7464295338183778,2657
100000000.0,3.3,20200220,5,0.0013473457289140394,2,-1.0,True,,5,0.0013473457289140394,2
100000000.0,3.3,20200221,1,0.00026946914578280785,0,-1.0,True,,1,0.00026946914578280785,0
100000000.0,3.3,20200222,2,0.0005389382915656157,1,-1.0,True,,2,0.0005389382915656157,1
100000000.0,3.3,20200223,3,0.0008084074373484236,3,-1.0,True,,3,0.0008084074373484236,3
100000000.0,3.3,20200224,46,0.012395580706009162,41,-1.0,True,,48,0.012934518997574777,42
1000000000.0,3.3,20200205,3458,0.9318243061169497,2879,-1.0,True,,3456,0.931285367825384,3103
1000000000.0,3.3,20200206,1,0.00026946914578280785,0,-1.0,True,,1,0.00026946914578280785,0
1000000000.0,3.3,20200207,1,0.00026946914578280785,1,-1.0,True,,1,0.00026946914578280785,1
1000000000.0,3.3,20200208,3461,0.932632713554298,3318,-1.0,True,,3450,0.9296685529506872,3379
1000000000.0,3.3,20200209,3,0.0008084074373484236,1,-1.0,True,,3,0.0008084074373484236,1
1000000000.0,3.3,20200210,2,0.0005389382915656157,1,-1.0,True,,2,0.0005389382915656157,1
1000000000.0,3.3,20200211,1,0.00026946914578280785,1,-1.0,True,,1,0.00026946914578280785,1
1000000000.0,3.3,20200212,3352,0.903260576663972,3315,-1.0,True,,3366,0.9070331447049312,3318
1000000000.0,3.3,20200213,3,0.0008084074373484236,2,-1.0,True,,3,0.0008084074373484236,2
1000000000.0,3.3,20200214,1188,0.32012934518997577,976,-1.0,True,,1211,0.3263271355429803,969
1000000000.0,3.3,20200215,0,0.0,0,-1.0,True,,0,0.0,0
1000000000.0,3.3,20200216,3240,0.8730800323362975,3147,-1.0,True,,3255,0.8771220695230396,3187
1000000000.0,3.3,20200217,0,0.0,0,-1.0,True,,0,0.0,0
1000000000.0,3.3,20200218,2728,0.7351118296954998,2367,-1.0,True,,2731,0.7359202371328483,2330
1000000000.0,3.3,20200219,3423,0.9223928860145514,3278,-1.0,True,,3426,0.9232012934518997,3368
1000000000.0,3.3,20200220,1112,0.29964969011048237,982,-1.0,True,,1129,0.3042306655887901,982
1000000000.0,3.3,20200221,3181,0.8571813527351119,3104,-1.0,True,,3164,0.852600377256804,3103
1000000000.0,3.3,20200222,2022,0.5448666127728375,1443,-1.0,True,,1953,0.5262732417138237,1474
1000000000.0,3.3,20200223,1113,0.29991915925626517,1026,-1.0,True,,1108,0.2985718135273511,1034
1000000000.0,3.3,20200224,3408,0.9183508488278093,3169,-1.0,True,,3428,0.9237402317434654,3277
10000000000.0,3.3,20200205,3521,0.9488008623012665,2509,-1.0,True,,3545,0.9552681218000539,3005
10000000000.0,3.3,20200206,1,0.00026946914578280785,0,-1.0,True,,1,0.00026946914578280785,0
10000000000.0,3.3,20200207,3321,0.8949070331447049,3286,-1.0,True,,3298,0.8887092427917004,3245
10000000000.0,3.3,20200208,3555,0.957962813257882,3096,-1.0,True,,3548,0.9560765292374023,3376
10000000000.0,3.3,20200209,3443,0.9277822689302075,3422,-1.0,True,,3415,0.9202371328482889,3387
10000000000.0,3.3,20200210,3487,0.939638911344651,3475,-1.0,True,,3480,0.9377526273241714,3466
10000000000.0,3.3,20200211,998,0.26893020749124225,443,-1.0,True,,1011,0.27243330638641877,401
10000000000.0,3.3,20200212,3472,0.9355968741579089,3450,-1.0,True,,3466,0.933980059283212,3434
10000000000.0,3.3,20200213,3387,0.9126919967663703,3323,-1.0,True,,3352,0.903260576663972,3309
10000000000.0,3.3,20200214,3506,0.9447588251145244,3470,-1.0,True,,3504,0.9442198868229588,3484
10000000000.0,3.3,20200215,3413,0.9196981945567233,3385,-1.0,True,,3432,0.9248181083265966,3395
10000000000.0,3.3,20200216,1348,0.363244408515225,864,-1.0,True,,1429,0.38507140932363243,837
10000000000.0,3.3,20200217,0,0.0,0,-1.0,True,,0,0.0,0
10000000000.0,3.3,20200218,3544,0.9549986526542711,3523,-1.0,True,,3555,0.957962813257882,3539
10000000000.0,3.3,20200219,3545,0.9552681218000539,3013,-1.0,True,,3551,0.9568849366747507,3318
10000000000.0,3.3,20200220,3477,0.936944219886823,3451,-1.0,True,,3490,0.9404473187819995,3465
10000000000.0,3.3,20200221,3511,0.9461061708434384,3474,-1.0,True,,3489,0.9401778496362166,3474
10000000000.0,3.3,20200222,3112,0.838587981676098,2962,-1.0,True,,3135,0.8447857720291027,2980
10000000000.0,3.3,20200223,3502,0.9436809485313932,3484,-1.0,True,,3504,0.9442198868229588,3495
10000000000.0,3.3,20200224,3545,0.9552681218000539,3456,-1.0,True,,3555,0.957962813257882,3522
