theta,infection_age_days,index_geometry_pass_fraction,recorded_onsets_p10,recorded_onsets_p90,before_share_median,campaign_positives_p10,campaign_positives_p90,attack_q10,attack_q50,attack_q90,p_attack_ge_0p10,p_attack_le_0p01,vsp_threshold_crossing_fraction,index_geometry_ok,t1_ok,t3_ok
10000000.0,0.0,0.0,0.0,0.10000000000000142,0.29320987654320985,0.0,0.10000000000000142,0.0,0.0,2.694691457828117e-05,0.025,0.975,0.025,False,False,False
10000000.0,3.0,0.075,0.0,4.0,0.32485569985569984,0.0,4.0,0.0,0.0,0.0013742926434923205,0.075,0.925,0.025,False,False,False
10000000.0,5.0,0.45,0.0,1724.2000000000012,0.40250124305510515,0.0,367.90000000000003,0.0,0.00026946914578280785,0.5331716518458639,0.225,0.775,0.2,False,False,False
10000000.0,7.0,0.675,0.0,2728.6,0.42985793453816473,0.0,419.0,0.0,0.00026946914578280785,0.7914039342495285,0.375,0.625,0.35,False,False,False
10000000.0,9.0,0.775,0.0,2839.6,0.5157384987893463,0.0,417.70000000000005,0.0,0.04392347076259768,0.809512260846133,0.475,0.5,0.475,False,False,False
10000000.0,11.0,0.9,0.0,2849.2,0.39309021113243764,0.0,448.7,0.0,0.7087038534087847,0.7968472109943412,0.675,0.325,0.65,True,False,False
10000000.0,13.0,0.925,0.0,2816.2,0.2975373743296995,0.0,451.8,0.00026946914578280785,0.6562921045540286,0.7947453516572353,0.775,0.225,0.775,True,False,False
31622776.601683795,0.0,0.0,0.0,1.0,0.6458333333333333,0.0,1.0,0.0,0.0,0.00026946914578280785,0.025,0.975,0.0,False,False,False
31622776.601683795,3.0,0.075,0.0,1528.3000000000002,0.11987381703470032,0.0,421.4000000000001,0.0,0.0,0.49911075181891673,0.175,0.825,0.175,False,True,False
31622776.601683795,5.0,0.45,0.0,2680.2000000000003,0.4124113475177305,0.0,410.40000000000003,0.0,0.00026946914578280785,0.7606844516302883,0.225,0.775,0.2,False,False,False
31622776.601683795,7.0,0.675,0.0,2978.9,0.4413412471666309,0.0,369.6000000000001,0.0,0.00026946914578280785,0.8518997574777688,0.35,0.65,0.325,False,False,False
31622776.601683795,9.0,0.775,0.0,3000.8,0.5209756097560976,0.0,446.90000000000003,0.0,0.678119105362436,0.8586903799514956,0.55,0.45,0.55,False,False,False
31622776.601683795,11.0,0.9,0.0,3035.9,0.494572591587517,0.0,439.1000000000001,0.00024252223120452716,0.8111021288062517,0.8533279439504177,0.625,0.375,0.625,True,False,False
31622776.601683795,13.0,0.925,1.0,3037.9,0.4266666666666667,1.0,481.40000000000003,0.00026946914578280785,0.8007275666936136,0.8469145782807869,0.75,0.225,0.75,True,False,False
100000000.0,0.0,0.0,0.0,14.0,0.39285714285714285,0.0,14.0,0.0,0.0,0.010212880625168503,0.075,0.9,0.05,False,False,False
100000000.0,3.0,0.075,0.0,316.0000000000003,0.14705882352941177,0.0,181.30000000000013,0.0,0.0,0.24384263001886283,0.15,0.8,0.125,False,True,False
100000000.0,5.0,0.45,0.0,2606.600000000001,0.26785714285714285,0.0,456.1000000000001,0.0,0.0005389382915656157,0.7492859067636757,0.25,0.725,0.225,False,True,False
100000000.0,7.0,0.675,0.0,3111.4,0.4001232408594576,0.0,486.3,0.0,0.002021018593371059,0.884263001886284,0.475,0.525,0.45,False,False,False
100000000.0,9.0,0.775,0.0,3177.1,0.6324741188012264,0.0,389.90000000000003,0.0,0.8296954998652655,0.88887092427917,0.6,0.4,0.6,False,False,False
100000000.0,11.0,0.9,0.0,3195.3,0.619597178929223,0.0,379.1000000000001,0.00026946914578280785,0.8565076798706548,0.8847749932632714,0.725,0.275,0.7,True,False,False
100000000.0,13.0,0.925,2.9000000000000004,3192.2,0.5278104400427273,2.0,470.2000000000001,0.0008084074373484236,0.861897062786311,0.8852061438965239,0.825,0.15,0.825,True,False,False
316227766.01683795,0.0,0.0,0.0,1172.8000000000009,0.09702748177229388,0.0,555.1000000000001,0.0,0.0,0.4501482080301807,0.225,0.775,0.125,False,True,False
316227766.01683795,3.0,0.075,0.0,2524.900000000001,0.125,0.0,514.2,0.0,0.0,0.7201562921045542,0.3,0.65,0.2,False,True,False
316227766.01683795,5.0,0.45,0.0,3206.8,0.25542071197411004,0.0,437.90000000000003,0.0,0.0012126111560226355,0.8918889787119375,0.4,0.55,0.35,False,True,False
316227766.01683795,7.0,0.675,0.0,3278.5,0.5323211064341551,0.0,473.8,0.0,0.27175963352196175,0.9137968202640797,0.55,0.4,0.475,False,False,False
316227766.01683795,9.0,0.775,0.0,3285.6,0.6886226068858523,0.0,318.90000000000003,0.0,0.8868229587712206,0.914874696847211,0.6,0.375,0.575,False,False,False
316227766.01683795,11.0,0.9,0.0,3283.1,0.7122622355574342,0.0,333.3,0.00026946914578280785,0.8978711937483158,0.9093505793586634,0.775,0.225,0.725,True,False,False
316227766.01683795,13.0,0.9,736.1000000000003,3287.0,0.6582259054634745,205.10000000000008,506.90000000000003,0.2416599299380222,0.8950417677175964,0.9119913769873349,0.9,0.1,0.875,True,False,False
1000000000.0,0.0,0.0,0.0,2295.3,0.0780701754385965,0.0,679.8,0.0,0.0,0.7020210185933711,0.325,0.675,0.3,False,True,True
1000000000.0,3.0,0.075,0.0,3329.3,0.10726072607260725,0.0,659.5,0.0,0.06548100242522231,0.9047965507949339,0.475,0.45,0.425,False,True,True
1000000000.0,5.0,0.45,0.0,3352.6,0.13675859463543635,0.0,666.1,0.0,0.2914308811641067,0.9218539477229857,0.625,0.375,0.475,False,True,True
1000000000.0,7.0,0.675,0.0,3355.5,0.5,0.0,650.8,0.00024252223120452716,0.6793317165184587,0.9307733764483966,0.725,0.275,0.65,False,False,True
1000000000.0,9.0,0.775,0.9000000000000004,3356.3,0.8116053797526439,0.9000000000000004,643.4,0.00024252223120452716,0.9192939908380491,0.9303152789005659,0.775,0.2,0.75,False,False,True
1000000000.0,11.0,0.9,2.9000000000000004,3351.0,0.8165476236688534,2.9000000000000004,586.0,0.0008084074373484236,0.9207760711398545,0.928887092427917,0.875,0.125,0.8,True,False,False
1000000000.0,13.0,0.925,877.2000000000002,3372.4,0.789600240456868,224.7,503.10000000000014,0.3201023982753975,0.9218539477229857,0.9299380220964699,0.925,0.075,0.9,True,False,False
3162277660.1683793,0.0,0.0,0.0,3379.7,0.23137626262626262,0.0,570.6,0.0,0.0,0.9163837240635947,0.4,0.6,0.35,False,True,False
3162277660.1683793,3.0,0.075,0.0,3425.1,0.28461301264261485,0.0,646.0,0.0,0.7836162759364054,0.935516033414174,0.65,0.35,0.6,False,False,True
3162277660.1683793,5.0,0.45,1.8000000000000007,3405.4,0.22804030705093978,1.8000000000000007,700.7,0.0007275666936135815,0.8020749124225276,0.9376448396658582,0.825,0.125,0.775,False,True,True
3162277660.1683793,7.0,0.675,0.9000000000000004,3431.1,0.6418463790720199,0.9000000000000004,601.1,0.00026946914578280785,0.9203718674211803,0.9430611694960926,0.8,0.2,0.8,False,False,False
3162277660.1683793,9.0,0.775,347.10000000000014,3405.9,0.8751829068878241,149.10000000000005,599.2,0.2844246833737538,0.9370789544597145,0.9471571005119914,0.9,0.1,0.9,False,False,False
3162277660.1683793,11.0,0.9,1276.9,3366.2,0.9049947784228812,242.3,611.5000000000001,0.4503368364322285,0.9381568310428456,0.9456750202101859,0.95,0.025,0.925,True,False,False
3162277660.1683793,13.0,0.925,1716.7,3446.0,0.889232305072178,232.7,566.3000000000001,0.599326327135543,0.9392347076259768,0.9437348423605497,0.975,0.0,0.975,True,False,False
10000000000.0,0.0,0.0,0.0,3491.5,0.5115540150202196,0.0,459.1,0.0,0.35394772298571814,0.9453516572352465,0.525,0.475,0.5,False,False,False
10000000000.0,3.0,0.075,0.0,3509.0,0.5832870238434502,0.0,646.4000000000001,0.0,0.9073026138507141,0.9499595796281326,0.75,0.25,0.75,False,False,False
10000000000.0,5.0,0.45,1313.1000000000006,3498.9,0.5943980458447323,184.50000000000006,735.6,0.5071139854486664,0.9364052815952573,0.9531932093775263,0.9,0.1,0.9,False,False,False
10000000000.0,7.0,0.675,2229.8,3501.1,0.7723646723646723,239.3,582.0000000000001,0.7193748315817838,0.9474535165723524,0.95642683912692,0.95,0.025,0.95,False,False,False
10000000000.0,9.0,0.775,2484.0,3494.8,0.9322388059701493,244.9,609.4000000000001,0.7765561843168958,0.948935596874158,0.9561843168957154,0.975,0.025,0.95,False,False,False
10000000000.0,11.0,0.9,2764.4,3465.6,0.9409841631959639,256.0,496.20000000000005,0.9104554028563729,0.9514955537590946,0.9576933441120992,1.0,0.0,0.975,True,False,False
10000000000.0,13.0,0.925,2961.7,3464.3,0.9419050427602477,246.2,433.1,0.9361897062786312,0.9529776340609,0.9586095392077607,0.975,0.025,0.95,True,False,False
31622776601.683792,0.0,0.0,0.0,3558.1,0.7656029370234397,0.0,441.3000000000002,0.0,0.9188897871193749,0.9638911344651038,0.625,0.375,0.625,False,False,False
31622776601.683792,3.0,0.075,0.0,3535.3,0.8547080189997206,0.0,426.20000000000005,0.0,0.9535165723524657,0.963729452977634,0.825,0.175,0.825,False,False,False
31622776601.683792,5.0,0.45,263.7000000000001,3547.2,0.852867542173034,134.10000000000005,474.9000000000001,0.36620856911883604,0.9567502021018593,0.9639719752088386,0.9,0.1,0.9,False,False,False
31622776601.683792,7.0,0.675,2641.2,3540.1,0.9516407599309153,210.0,612.5,0.868229587712207,0.9585017515494476,0.9647264888170305,0.975,0.025,0.925,False,False,False
31622776601.683792,9.0,0.775,2613.3,3526.4,0.965496368038741,223.5,636.1,0.9501751549447588,0.9598490972783615,0.9642144974400431,0.975,0.025,0.975,False,False,False
31622776601.683792,11.0,0.9,2808.5,3532.7,0.9704632734268581,224.7,608.7,0.9541902452169226,0.9610617084343842,0.9652654271085961,1.0,0.0,1.0,True,False,False
31622776601.683792,13.0,0.925,3054.3,3513.9,0.9703729747295431,295.5,553.1,0.9551064403125843,0.9610617084343842,0.966316356777149,1.0,0.0,1.0,True,False,False
100000000000.0,0.0,0.0,0.0,3577.0,0.9222171442103879,0.0,441.5000000000001,0.0,0.9620048504446241,0.9701967124764215,0.65,0.35,0.65,False,False,False
100000000000.0,3.0,0.075,0.0,3579.3,0.9443045060173524,0.0,506.70000000000005,0.0,0.9664510913500404,0.9714632174616007,0.825,0.175,0.825,False,False,False
100000000000.0,5.0,0.45,2612.700000000001,3574.9,0.9506767474211117,169.20000000000007,626.5,0.8563459983831855,0.9677984370789545,0.9728644570196713,0.9,0.1,0.9,False,False,False
100000000000.0,7.0,0.675,2767.3,3568.0,0.9754711337122345,199.8,713.0,0.9613581244947453,0.9680679062247373,0.972271624898949,0.975,0.025,0.975,False,False,False
100000000000.0,9.0,0.775,2743.9,3574.1,0.9826880705067674,212.5,749.3000000000001,0.9635677714901644,0.968606844516303,0.972271624898949,0.975,0.025,0.975,False,False,True
100000000000.0,11.0,0.9,2865.4,3556.7,0.9833977599365646,226.1,760.7,0.9659929938022097,0.9700889248181084,0.9736459175424413,1.0,0.0,1.0,True,False,True
100000000000.0,13.0,0.9,2943.0,3512.3,0.9835994861176888,277.8,737.3,0.9651845863648613,0.9690110482349771,0.9725410940447319,1.0,0.0,1.0,True,False,True
316227766016.83795,0.0,0.0,0.0,3589.1,0.9600528994279747,0.0,508.90000000000003,0.0,0.9696847210994342,0.9774184855834007,0.65,0.35,0.65,False,False,False
316227766016.83795,3.0,0.075,0.0,3590.5,0.9734027175484244,0.0,706.2,0.0,0.9741309620048505,0.9768795472918351,0.825,0.175,0.825,False,False,False
316227766016.83795,5.0,0.45,2613.6000000000013,3585.1,0.9768700670124241,173.70000000000007,757.5,0.8718674211802753,0.9749393694421988,0.9779574238749663,0.9,0.1,0.9,False,False,False
316227766016.83795,7.0,0.675,2911.6,3596.5,0.9867313915857605,222.4,832.5,0.9725141471301536,0.9748046348693075,0.9790083535435192,0.975,0.025,0.975,False,False,False
316227766016.83795,9.0,0.775,2870.3,3542.1,0.9870290302655961,294.20000000000005,847.3,0.9706009161950957,0.9753435731608731,0.9787388843977365,0.975,0.025,0.975,False,False,True
316227766016.83795,11.0,0.9,2922.6,3395.4,0.9880403610286106,474.2,845.1,0.9727566693613582,0.9757477768795473,0.9787658313123148,1.0,0.0,1.0,True,False,True
316227766016.83795,13.0,0.925,2970.9,3473.4,0.9893210508056018,438.90000000000003,829.1,0.9725141471301536,0.9748046348693075,0.9773915386688224,1.0,0.0,1.0,True,False,True
1000000000000.0,0.0,0.0,0.0,3604.5,0.9793301839815175,0.0,624.0000000000001,0.0,0.9781729991915926,0.9819455672325519,0.65,0.35,0.65,False,False,False
1000000000000.0,3.0,0.075,0.0,3579.4,0.9833187006145742,0.0,858.0,0.0,0.9788466720560496,0.9825653462678523,0.825,0.175,0.825,False,False,False
1000000000000.0,5.0,0.45,2681.1000000000013,3518.0,0.9880682095024856,179.10000000000008,862.8,0.875020210185934,0.9797898140662894,0.9828078684990569,0.9,0.1,0.9,False,False,True
1000000000000.0,7.0,0.675,3069.2,3572.8,0.9920735573874445,267.8,928.4,0.9762597682565346,0.980328752357855,0.9830234438156831,0.975,0.025,0.975,False,False,True
1000000000000.0,9.0,0.775,3035.6,3509.9,0.9924433249370277,390.9,920.2,0.9773645917542442,0.981002425222312,0.9830503907302613,0.975,0.025,0.975,False,False,True
1000000000000.0,11.0,0.9,3046.7,3300.3,0.9929404556557004,693.6,924.4,0.9776340609000269,0.9807329560765292,0.9831312314739962,1.0,0.0,1.0,True,False,False
1000000000000.0,13.0,0.925,3071.6,3292.1000000000004,0.9915056682298061,702.1,915.8,0.9773645917542442,0.9799245486391808,0.9819725141471302,1.0,0.0,1.0,True,False,False
