theta,infection_age_days,index_geometry_pass_fraction,recorded_onsets_p10,recorded_onsets_p90,recorded_onsets_median,before_share_median,campaign_positives_p10,campaign_positives_p90,campaign_specimens_median,attack_q10,attack_q50,attack_q90,takeoff_probability,onset_mass_near_target,vsp_threshold_crossing_fraction,index_geometry_ok,t1_ok,t3_ok,recorded_onsets_per_seed
10000.0,0.0,0.52,0.0,1.0,0.0,1.0,0.0,0.0,0.0,0.0,0.0,0.00026946914578280785,0.0,0.0,0.0,False,False,False,0 0 0 0 0 0 0 0 0 0 0 0 0 0 0 0 0 0 0 0 0 0 0 0 0 0 0 0 0 0 0 0 0 0 0 0 0 0 0 0 0 0 0 0 0 0 0 0 0 0 0 0 0 0 0 0 0 0 0 0 0 0 0 0 0 0 0 0 0 0 0 0 0 0 0 0 0 0 0 0 0 0 0 0 0 0 0 0 0 0 0 0 0 0 0 0 0 0 0 0 0 0 0 0 0 0 0 0 0 0 0 0 0 0 0 0 0 0 0 0 0 0 0 0 0 0 0 0 0 0 0 0 0 0 0 0 0 0 0 0 0 0 0 0 0 0 0 0 0 0 0 0 0 0 0 0 0 0 0 0 0 0 0 0 1 1 1 1 1 1 1 1 1 1 1 1 1 1 1 1 1 1 1 1 1 1 1 1 1 1 1 1 1 1 1 1 1 1 1 1
100000.0,0.0,0.52,0.0,1.0,0.0,1.0,0.0,0.0,0.0,0.0,0.0,0.0013742926434923187,0.0,0.0,0.0,False,False,False,0 0 0 0 0 0 0 0 0 0 0 0 0 0 0 0 0 0 0 0 0 0 0 0 0 0 0 0 0 0 0 0 0 0 0 0 0 0 0 0 0 0 0 0 0 0 0 0 0 0 0 0 0 0 0 0 0 0 0 0 0 0 0 0 0 0 0 0 0 0 0 0 0 0 0 0 0 0 0 0 0 0 0 0 0 0 0 0 0 0 0 0 0 0 0 0 0 0 0 0 0 0 0 0 0 0 0 0 0 0 0 0 0 0 0 0 0 0 0 0 0 0 0 0 0 0 0 0 0 0 0 0 0 0 0 0 0 0 0 0 0 0 0 0 0 0 0 0 0 0 0 0 0 0 0 0 0 0 0 0 0 0 1 1 1 1 1 1 1 1 1 1 1 1 1 1 1 1 1 1 1 1 1 1 1 1 1 1 1 1 1 1 1 1 1 1 1 1 1 1
1000000.0,0.0,0.52,0.0,1.0,0.0,1.0,0.0,0.0,0.0,0.0,0.00026946914578280785,0.006521153327943947,0.01,0.0,0.0,False,False,False,0 0 0 0 0 0 0 0 0 0 0 0 0 0 0 0 0 0 0 0 0 0 0 0 0 0 0 0 0 0 0 0 0 0 0 0 0 0 0 0 0 0 0 0 0 0 0 0 0 0 0 0 0 0 0 0 0 0 0 0 0 0 0 0 0 0 0 0 0 0 0 0 0 0 0 0 0 0 0 0 0 0 0 0 0 0 0 0 0 0 0 0 0 0 0 0 0 0 0 0 0 0 0 0 0 0 0 0 0 0 0 0 0 0 0 0 0 0 0 0 0 0 0 0 0 0 0 0 0 0 0 0 0 0 0 0 0 0 0 0 0 0 0 0 0 0 0 0 0 0 0 0 0 0 0 0 0 1 1 1 1 1 1 1 1 1 1 1 1 1 1 1 1 1 1 1 1 1 1 1 1 1 1 1 1 1 1 1 1 1 1 1 1 1 1 1 3 5 20 49
10000000.0,0.0,0.52,0.0,1.0,0.0,1.0,0.0,0.0,0.0,0.0,0.00026946914578280785,0.02136890326057666,0.035,0.005,0.005,False,False,False,0 0 0 0 0 0 0 0 0 0 0 0 0 0 0 0 0 0 0 0 0 0 0 0 0 0 0 0 0 0 0 0 0 0 0 0 0 0 0 0 0 0 0 0 0 0 0 0 0 0 0 0 0 0 0 0 0 0 0 0 0 0 0 0 0 0 0 0 0 0 0 0 0 0 0 0 0 0 0 0 0 0 0 0 0 0 0 0 0 0 0 0 0 0 0 0 0 0 0 0 0 0 0 0 0 0 0 0 0 0 0 0 0 0 0 0 0 0 0 0 0 0 0 0 0 0 0 0 0 0 0 0 0 0 0 0 0 0 0 0 0 0 0 0 0 0 0 0 0 0 1 1 1 1 1 1 1 1 1 1 1 1 1 1 1 1 1 1 1 1 1 1 1 1 1 1 1 1 1 1 1 1 1 1 1 1 1 1 2 2 3 4 5 14 25 35 44 50 60 107
100000000.0,0.0,0.52,0.0,2.0999999999999943,0.0,1.0,0.0,0.0,0.0,0.0,0.00026946914578280785,0.05456750202101857,0.07,0.015,0.04,False,False,False,0 0 0 0 0 0 0 0 0 0 0 0 0 0 0 0 0 0 0 0 0 0 0 0 0 0 0 0 0 0 0 0 0 0 0 0 0 0 0 0 0 0 0 0 0 0 0 0 0 0 0 0 0 0 0 0 0 0 0 0 0 0 0 0 0 0 0 0 0 0 0 0 0 0 0 0 0 0 0 0 0 0 0 0 0 0 0 0 0 0 0 0 0 0 0 0 0 0 0 0 0 0 0 0 0 0 0 0 0 0 0 0 0 0 0 0 0 0 0 0 0 0 0 0 0 0 0 0 0 0 0 0 0 0 0 0 1 1 1 1 1 1 1 1 1 1 1 1 1 1 1 1 1 1 1 1 1 1 1 1 1 1 1 1 1 1 1 1 1 1 1 1 1 1 1 1 1 2 2 2 3 3 3 3 3 4 20 23 25 28 41 50 60 80 80 86 94 109 117 166
1000000000.0,0.0,0.52,0.0,44.19999999999999,0.0,1.0,0.0,0.0,0.0,0.0,0.0008084074373484236,0.16712476421449743,0.14,0.05,0.09,False,False,False,0 0 0 0 0 0 0 0 0 0 0 0 0 0 0 0 0 0 0 0 0 0 0 0 0 0 0 0 0 0 0 0 0 0 0 0 0 0 0 0 0 0 0 0 0 0 0 0 0 0 0 0 0 0 0 0 0 0 0 0 0 0 0 0 0 0 0 0 0 0 0 0 0 0 0 0 0 0 0 0 0 0 0 0 0 0 0 0 0 0 0 0 0 0 0 0 0 0 0 0 0 0 0 0 0 0 0 0 0 0 0 0 0 0 0 0 0 0 0 0 1 1 1 1 1 1 1 1 1 1 1 1 1 1 1 1 1 1 1 1 1 1 1 1 1 1 1 1 1 1 1 1 1 1 1 1 1 1 1 1 1 2 2 2 2 3 4 4 4 5 5 9 18 20 27 29 30 31 39 44 46 49 53 55 62 72 78 78 83 95 100 139 140 145 151 152 197 199 236 297
10000000000.0,0.0,0.52,0.0,120.29999999999993,0.0,1.0,0.0,0.0,0.0,0.00026946914578280785,0.006063055780113177,0.48431689571544045,0.235,0.105,0.17,False,False,False,0 0 0 0 0 0 0 0 0 0 0 0 0 0 0 0 0 0 0 0 0 0 0 0 0 0 0 0 0 0 0 0 0 0 0 0 0 0 0 0 0 0 0 0 0 0 0 0 0 0 0 0 0 0 0 0 0 0 0 0 0 0 0 0 0 0 0 0 0 0 0 0 0 0 0 0 0 0 0 0 0 0 0 0 0 0 0 0 0 0 0 0 0 0 0 0 0 0 0 0 0 0 0 0 0 0 1 1 1 1 1 1 1 1 1 1 1 1 1 1 1 1 1 1 1 1 1 1 1 1 1 1 1 1 1 1 1 1 1 1 1 2 2 2 2 2 2 2 2 2 3 4 6 11 12 14 14 15 17 24 27 30 33 34 40 46 48 48 49 51 52 55 66 70 72 90 95 102 109 119 132 134 135 141 150 159 186 186 207 225 232 247 247 304 308 309 314 357 437 469
13300000000.0,0.0,0.52,0.0,145.19999999999993,0.0,1.0,0.0,0.0,0.0,0.00026946914578280785,0.018728105631905148,0.5390460792239289,0.25,0.11,0.18,False,False,False,0 0 0 0 0 0 0 0 0 0 0 0 0 0 0 0 0 0 0 0 0 0 0 0 0 0 0 0 0 0 0 0 0 0 0 0 0 0 0 0 0 0 0 0 0 0 0 0 0 0 0 0 0 0 0 0 0 0 0 0 0 0 0 0 0 0 0 0 0 0 0 0 0 0 0 0 0 0 0 0 0 0 0 0 0 0 0 0 0 0 0 0 0 0 0 0 0 0 0 0 0 0 0 1 1 1 1 1 1 1 1 1 1 1 1 1 1 1 1 1 1 1 1 1 1 1 1 1 1 1 1 1 1 1 1 1 1 1 2 2 2 2 2 2 2 3 3 4 4 8 10 14 14 17 18 21 21 25 26 26 27 30 34 35 42 49 53 59 60 62 67 67 68 72 97 107 127 137 139 144 156 159 166 177 184 209 222 232 250 259 279 287 288 311 329 360 384 418 455 588
17800000000.0,0.0,0.52,0.0,156.1,1.0,1.0,0.0,0.0,0.0,0.00026946914578280785,0.03287523578550256,0.5954998652654271,0.275,0.1,0.195,False,False,False,0 0 0 0 0 0 0 0 0 0 0 0 0 0 0 0 0 0 0 0 0 0 0 0 0 0 0 0 0 0 0 0 0 0 0 0 0 0 0 0 0 0 0 0 0 0 0 0 0 0 0 0 0 0 0 0 0 0 0 0 0 0 0 0 0 0 0 0 0 0 0 0 0 0 0 0 0 0 0 0 0 0 0 0 0 0 0 0 0 0 0 0 0 0 0 0 0 1 1 1 1 1 1 1 1 1 1 1 1 1 1 1 1 1 1 1 1 1 1 1 1 1 1 1 1 1 1 1 1 2 2 2 2 2 2 2 3 3 3 3 4 4 4 5 9 12 12 14 14 15 15 16 16 16 16 20 25 25 30 45 49 54 58 60 60 60 61 64 68 71 72 78 78 96 112 119 127 140 153 156 157 172 176 212 220 220 244 259 277 278 282 286 288 384 398 401 431 434 440 595
23700000000.0,0.0,0.52,0.0,176.59999999999997,1.0,1.0,0.0,0.0,0.0,0.00026946914578280785,0.03193209377526273,0.6136081918620317,0.31,0.105,0.22,False,False,False,0 0 0 0 0 0 0 0 0 0 0 0 0 0 0 0 0 0 0 0 0 0 0 0 0 0 0 0 0 0 0 0 0 0 0 0 0 0 0 0 0 0 0 0 0 0 0 0 0 0 0 0 0 0 0 0 0 0 0 0 0 0 0 0 0 0 0 0 0 0 0 0 0 0 0 0 0 0 0 0 0 0 0 0 0 0 0 0 0 0 0 0 0 0 0 0 0 0 0 1 1 1 1 1 1 1 1 1 1 1 1 1 1 1 1 1 1 1 1 1 1 1 1 1 1 2 2 2 2 2 2 2 2 2 3 3 4 5 10 11 12 14 14 16 16 19 20 21 21 22 25 28 28 30 34 35 36 36 38 46 57 61 61 63 68 69 70 80 80 84 88 89 91 101 115 148 150 155 156 176 182 191 213 217 223 244 254 280 283 303 311 330 334 345 420 428 468 502 503 637
31600000000.0,0.0,0.52,0.0,215.39999999999998,1.0,1.0,0.0,0.0,0.0,0.00026946914578280785,0.05335489086499596,0.6738614928590676,0.3,0.12,0.235,False,False,False,0 0 0 0 0 0 0 0 0 0 0 0 0 0 0 0 0 0 0 0 0 0 0 0 0 0 0 0 0 0 0 0 0 0 0 0 0 0 0 0 0 0 0 0 0 0 0 0 0 0 0 0 0 0 0 0 0 0 0 0 0 0 0 0 0 0 0 0 0 0 0 0 0 0 0 0 0 0 0 0 0 0 0 0 0 0 0 0 0 0 0 1 1 1 1 1 1 1 1 1 1 1 1 1 1 1 1 1 1 1 1 1 1 1 1 1 1 1 1 1 1 1 2 2 2 2 2 2 2 2 3 3 3 3 4 4 4 5 9 9 11 12 15 15 16 16 16 17 17 19 25 27 29 32 34 41 47 52 54 62 71 73 73 75 76 79 79 85 90 95 105 118 123 141 147 169 178 182 186 215 219 237 248 265 265 280 287 307 330 333 333 356 362 380 458 481 498 501 618 710
42200000000.0,0.0,0.52,0.0,232.79999999999995,1.0,1.0,0.0,0.0,0.0,0.00026946914578280785,0.1064403125842091,0.6838049043384532,0.35,0.135,0.245,False,False,False,0 0 0 0 0 0 0 0 0 0 0 0 0 0 0 0 0 0 0 0 0 0 0 0 0 0 0 0 0 0 0 0 0 0 0 0 0 0 0 0 0 0 0 0 0 0 0 0 0 0 0 0 0 0 0 0 0 0 0 0 0 0 0 0 0 0 0 0 0 0 0 0 0 0 0 0 0 0 0 0 0 0 0 0 0 0 0 0 0 0 1 1 1 1 1 1 1 1 1 1 1 1 1 1 1 1 1 1 1 1 1 1 1 1 1 1 1 1 1 1 2 2 2 2 2 2 2 2 3 6 10 13 14 15 15 17 17 18 18 20 22 24 24 24 24 26 26 28 32 36 36 41 41 43 45 50 58 60 61 73 84 91 92 94 99 101 106 112 118 119 125 125 134 154 162 173 181 211 215 232 240 247 259 262 278 292 311 325 336 350 382 429 437 439 526 532 565 615 670 745
56200000000.0,0.0,0.52,0.0,278.2,1.0,1.0,0.0,0.0,0.0,0.00026946914578280785,0.136081918620318,0.7326057666397198,0.36,0.115,0.275,False,False,False,0 0 0 0 0 0 0 0 0 0 0 0 0 0 0 0 0 0 0 0 0 0 0 0 0 0 0 0 0 0 0 0 0 0 0 0 0 0 0 0 0 0 0 0 0 0 0 0 0 0 0 0 0 0 0 0 0 0 0 0 0 0 0 0 0 0 0 0 0 0 0 0 0 0 0 0 0 0 0 0 0 1 1 1 1 1 1 1 1 1 1 1 1 1 1 1 1 1 1 1 1 1 1 1 1 1 1 1 1 1 1 1 1 2 2 2 2 2 2 2 3 3 3 3 3 3 3 9 10 11 12 13 14 15 15 19 19 21 21 26 26 26 27 27 29 32 33 34 38 41 45 49 54 56 60 69 80 83 86 87 90 98 100 101 102 110 117 132 133 144 148 155 156 159 169 191 240 257 262 278 280 290 301 315 324 408 421 422 423 430 434 466 473 504 581 599 610 710 755 853
75000000000.0,0.0,0.52,0.0,313.5999999999999,1.0,1.0,0.0,0.0,0.0,0.0005389382915656157,0.18040959310158988,0.7640797628671516,0.37,0.13,0.3,False,False,False,0 0 0 0 0 0 0 0 0 0 0 0 0 0 0 0 0 0 0 0 0 0 0 0 0 0 0 0 0 0 0 0 0 0 0 0 0 0 0 0 0 0 0 0 0 0 0 0 0 0 0 0 0 0 0 0 0 0 0 0 0 0 0 0 0 0 0 0 0 0 0 0 0 0 0 0 0 0 0 1 1 1 1 1 1 1 1 1 1 1 1 1 1 1 1 1 1 1 1 1 1 1 1 1 1 1 1 1 1 1 1 1 2 2 2 2 2 2 3 3 3 3 3 3 4 9 10 12 15 15 18 20 21 21 22 24 24 26 27 29 31 32 35 40 41 42 43 51 53 55 58 59 64 65 73 74 82 83 88 106 111 113 123 134 158 168 170 180 188 188 195 214 221 225 232 234 245 295 302 312 328 339 361 363 369 419 419 423 457 477 497 513 523 544 592 640 656 711 765 889
100000000000.0,0.0,0.52,0.0,362.79999999999995,1.0,1.0,0.0,0.0,0.0,0.0005119913769873355,0.2736459175424414,0.7912961465912153,0.41,0.115,0.345,False,False,False,0 0 0 0 0 0 0 0 0 0 0 0 0 0 0 0 0 0 0 0 0 0 0 0 0 0 0 0 0 0 0 0 0 0 0 0 0 0 0 0 0 0 0 0 0 0 0 0 0 0 0 0 0 0 0 0 0 0 0 0 0 0 0 0 0 0 0 0 0 0 0 0 0 0 0 0 0 1 1 1 1 1 1 1 1 1 1 1 1 1 1 1 1 1 1 1 1 1 1 1 1 1 1 1 1 1 2 2 2 2 2 2 3 3 3 4 4 7 11 11 12 12 16 20 21 24 25 25 25 25 26 26 28 31 31 33 34 37 38 40 45 46 47 51 51 56 56 60 60 62 63 63 68 70 71 89 91 96 98 109 145 151 166 174 176 181 192 193 195 204 224 226 236 239 251 279 298 310 331 362 370 380 398 427 444 463 468 483 545 550 570 611 620 654 683 750 772 801 883 969
1000000000000.0,0.0,0.52,0.0,959.6999999999999,57.0,1.0,0.0,0.0,0.0,0.037186742118027506,0.7627324171382377,0.9117219078415522,0.615,0.205,0.57,False,False,False,0 0 0 0 0 0 0 0 0 0 0 0 0 0 0 0 0 0 0 0 0 0 0 0 0 0 0 0 0 0 0 0 0 0 0 0 0 0 0 0 0 0 0 0 0 0 0 0 0 0 0 0 1 1 1 1 1 1 1 1 1 1 1 1 1 1 2 2 2 2 3 3 5 7 8 8 9 10 11 15 15 16 17 17 17 20 22 25 25 28 28 30 32 34 38 39 46 54 55 56 58 66 75 76 77 80 84 86 90 90 91 96 97 102 103 103 103 110 110 112 116 128 143 149 153 172 178 182 187 190 192 197 208 228 229 231 255 278 283 298 298 302 307 313 321 340 347 349 357 360 366 380 390 394 408 414 488 588 589 603 630 634 638 643 709 755 772 780 800 808 819 820 842 843 870 871 889 899 911 958 975 1007 1022 1042 1058 1099 1123 1142 1150 1170 1192 1245 1263 1286 1291 1299 1331 1454 1454 1477
